N,P,K,temperature,humidity,ph,rainfall,season,crop
20.85,11.71,19.31,25.52,86.32,5.7,105.36,0,Orange
16.05,12.11,30.71,30.92,86.06,6.83,149.66,0,Coconut
26.63,67.94,18.44,23.74,56.55,6.94,77.9,2,Black Gram
103.36,17.98,59.2,26.53,65.47,6.1,101.95,2,Muskmelon
22.33,14.19,17.55,24.4,77.76,5.81,97.65,2,Orange
20.94,54.29,29.81,16.64,63.33,6.22,40.03,2,Lentil
5.48,45.76,31.43,27.33,24.84,7.07,66.31,2,Moth Beans
89.03,12.88,68.24,25.25,75.97,7.41,107.6,0,Watermelon
110.46,12.37,46.45,32.18,73.58,6.17,75.52,2,Watermelon
26.09,23.29,32.08,24.3,54.91,6.69,64.84,2,Pomegranate
112.35,19.4,52.87,27.36,79.42,6.34,98.4,2,Muskmelon
99.75,24.29,49.1,28.44,76.73,7.2,93.18,2,Muskmelon
21.77,64.18,21.84,19.71,63.74,6.62,59.48,2,Lentil
19.58,38.8,27.22,31.99,51.76,6.99,68.06,2,Moth Beans
22.83,29.18,41.48,25.28,57.31,6.32,88.92,2,Grapes
22.58,14.88,30.95,25.93,61.2,6.6,62.71,2,Pomegranate
42.82,68.26,55.17,24.69,65.92,6.96,84.83,2,Papaya
70.0,52.46,29.18,27.6,82.75,6.83,133.1,0,Jute
26.78,21.84,29.92,22.16,59.65,6.84,63.69,2,Pomegranate
114.07,17.49,29.98,24.96,79.3,6.5,145.67,2,Coffee
16.18,32.28,41.11,24.77,63.75,6.11,67.22,2,Grapes
25.39,9.29,27.83,29.93,85.04,5.48,148.38,0,Coconut
78.31,51.13,37.62,27.45,86.95,5.86,107.3,0,Jute
22.07,37.96,32.47,29.55,68.57,6.87,69.02,2,Mung Beans
78.48,48.31,37.83,27.2,99.98,7.3,140.26,0,Jute
23.92,44.01,22.93,29.1,53.28,6.75,59.36,2,Moth Beans
24.69,20.83,14.61,20.78,65.2,6.91,90.57,2,Orange
108.78,91.5,43.7,26.5,87.52,6.24,123.38,0,Banana
22.54,12.49,24.43,21.63,70.66,7.43,144.4,2,Orange
109.15,36.11,34.91,23.65,78.08,6.67,111.31,2,Maize
71.72,42.51,40.87,31.42,79.76,6.03,173.9,0,Rice
27.21,117.73,189.69,20.27,55.26,6.0,102.79,1,Apple
30.78,58.64,21.23,27.6,64.95,7.24,98.2,2,Black Gram
29.89,57.21,30.26,28.34,63.92,6.39,84.71,2,Mung Beans
20.16,39.43,25.97,27.53,38.89,7.42,59.82,2,Moth Beans
27.05,131.65,205,16.54,62.81,5.98,122.4,2,Apple
23.78,36.65,38.5,25.49,67.21,6.27,63.2,2,Grapes
43.97,54.88,55.05,28.32,90.76,6.77,101.02,0,Papaya
26.53,61.09,14.6,22.8,64.99,5.75,100.54,2,Kidney Beans
16.14,21.37,12.65,25.51,76.52,6.8,77.5,2,Orange
24.37,12.74,28.31,24.63,71.03,5.81,172.13,2,Coconut
90.22,44.71,35.23,25.92,80.94,5.41,205.41,0,Rice
17.79,15.52,31.81,21.99,61.73,6.29,50.57,2,Pomegranate
29.13,57.78,24.55,21.53,61.15,6.94,97.25,2,Black Gram
49.51,56.33,49.25,29.83,73.54,5.99,99.2,2,Papaya
17.66,42.33,23.35,31.99,42.03,6.24,64.18,2,Moth Beans
24.63,58.54,32.35,29.67,61.96,5.47,69.69,2,Mung Beans
26.5,19.97,22.73,26.32,74.83,5.75,191.16,0,Coconut
123.29,26.5,46.24,26.15,79.83,6.15,88.21,2,Muskmelon
17.7,71.58,15.31,19.42,61.24,6.33,98.87,2,Kidney Beans
21.44,20.78,33.47,26.4,74.86,5.67,95.48,2,Pomegranate
29.3,23.1,30.21,28.31,86.25,5.56,142.69,0,Coconut
39.66,71.04,21.72,22.44,51.54,7.48,64.64,2,Chickpea
22.94,25.42,33.71,26.82,60.33,6.43,110.31,2,Mango
31.18,32.61,27.67,28.5,58.55,6.19,105.91,2,Mango
77.71,45.49,38.89,25.37,95.58,6.71,130.22,0,Jute
18.94,51.81,19.98,27.32,60.74,5.93,94.92,2,Black Gram
19.76,53.17,23.01,30.22,64.49,6.17,102.48,2,Pigeon Peas
124.16,44.02,17.5,27.93,63.72,6.82,77.72,2,Cotton
82.42,46.16,41.56,24.98,88.8,6.42,146.25,2,Jute
25.4,26.68,37.26,26.43,56.44,6.1,79.14,2,Grapes
24.87,59.78,28.34,27.87,56.87,6.25,112.13,2,Pigeon Peas
81.71,24.13,44.81,23.09,77.23,6.31,74.29,2,Muskmelon
49.04,62.05,38.55,23.58,49.95,6.47,75.3,2,Chickpea
90.37,45.37,35.33,28.05,68.78,6.5,212.4,2,Rice
46.93,63.5,25.46,20.08,42.51,6.4,69.39,1,Chickpea
27.68,51.55,25.48,29.9,63.58,6.84,74.13,2,Mung Beans
28.33,129.1,204.05,16.5,57.97,6.13,98.18,1,Apple
31.16,69.0,39.77,21.34,63.16,6.71,56.32,2,Chickpea
140,17.12,32.39,23.01,68.21,6.09,145.07,2,Coffee
22.06,47.84,31.62,26.39,61.36,6.55,101.66,2,Black Gram
25.91,64.88,21.57,30.49,48.58,6.62,106.09,2,Pigeon Peas
50.2,67.11,29.11,22.37,71.58,5.6,79.48,2,Chickpea
22.94,55.39,31.31,26.38,73.43,5.71,69.85,2,Mung Beans
22.73,50.25,18.14,26.19,60.32,6.04,77.22,2,Mung Beans
20.83,16.77,32.78,25.04,60.87,6.02,78.56,2,Pomegranate
19.69,28.08,32.73,24.41,66.45,7.53,68.54,2,Grapes
103.35,37.67,37.8,28.07,89.36,6.26,173.35,0,Jute
42.34,66.15,48.66,28.22,80.96,7.09,87.38,2,Papaya
115.17,18.07,40.07,23.04,71.29,6.04,90.95,2,Muskmelon
29.76,27.43,40.16,28.83,74.94,6.38,174.32,0,Coconut
68.32,53.11,40.1,23.49,78.78,5.57,87.78,2,Maize
22.8,49.18,27.71,25.62,62.34,6.19,104.01,2,Pigeon Peas
78.92,19.57,28.03,21.56,71.61,6.17,110.41,2,Coffee
30.83,15.97,29.88,28.47,82.67,5.94,173.27,0,Coconut
22.62,28.7,29.55,25.32,57.5,6.61,76.96,2,Mango
107.17,18.08,49.7,24.91,75.56,6.62,101.19,2,Watermelon
25.08,44.68,24.6,27.51,57.97,6.77,91.15,2,Black Gram
19.24,44.72,24.95,33.06,47.73,6.11,69.55,2,Moth Beans
25.2,47.51,24.82,29.27,56.8,5.73,76.7,2,Mung Beans
21.13,53.55,29.57,27.67,57.0,6.36,103.5,2,Pigeon Peas
19.49,145,196.86,21.2,54.29,6.07,132.65,1,Apple
25.99,48.55,25.66,27.8,58.18,6.26,95.23,2,Mung Beans
84.95,39.91,33.11,26.71,68.83,6.22,99.74,2,Maize
20.56,36.68,26.75,30.68,39.96,7.05,64.65,2,Moth Beans
13.56,15.49,30.04,26.15,49.05,6.11,66.09,2,Pomegranate
16.85,142.09,165.94,17.18,63.56,6.12,98.53,2,Apple
83.41,48.4,41.08,25.48,82.77,7.35,131.51,0,Jute
89.39,38.99,42.73,24.67,63.66,6.23,172.53,2,Rice
15.83,145,167.79,18.97,60.94,5.89,107.52,2,Apple
19.29,32.22,26.49,25.05,74.28,6.9,84.25,2,Grapes
106.54,16.72,47.26,28.91,69.91,6.03,81.7,2,Watermelon
26.5,60.38,26.92,16.26,54.92,6.4,60.85,1,Lentil
30.22,76.39,21.52,17.25,58.38,5.77,54.95,1,Lentil
104.66,89.14,54.77,27.18,80.36,7.07,109.96,0,Banana
20.97,46.56,23.95,24.84,65.42,6.19,95.74,2,Pigeon Peas
59.83,50.35,42.84,31.37,86.99,6.52,184.35,0,Rice
27.05,60.86,24.39,28.41,54.65,5.41,118.61,2,Pigeon Peas
121.28,15.16,37.45,29.22,73.46,5.98,102.52,0,Watermelon
25.82,50.43,22.89,27.28,56.26,6.84,128.57,2,Pigeon Peas
88.55,13.67,50.2,24.8,74.37,6.23,110.81,2,Watermelon
91.85,23.85,35.81,23.78,87.4,6.84,166.73,2,Coffee
11.27,18.29,10.61,26.04,89.64,7.15,107.16,0,Orange
17.21,32.58,35.57,24.21,51.8,6.21,61.57,2,Grapes
29.22,46.19,29.35,26.98,53.6,6.25,85.3,2,Black Gram
22.84,49.03,20.19,27.73,67.13,6.98,113.61,2,Pigeon Peas
27.43,65.1,26.38,26.72,58.01,6.15,98.42,2,Pigeon Peas
28.08,21.49,37.67,23.15,66.11,6.37,87.4,2,Grapes
25.87,28.3,38.78,23.31,52.91,6.33,70.53,2,Grapes
66.05,47.53,33.67,21.08,76.48,6.39,116.18,2,Maize
76.04,40.04,33.78,27.18,83.98,6.74,170.16,0,Jute
28.08,38.63,22.74,31.2,61.27,6.46,112.72,2,Mung Beans
24.59,17.63,31.11,27.84,52.39,7.69,71.01,2,Pomegranate
26.29,31.39,30.94,30.18,30.7,7.33,50.53,2,Moth Beans
92.44,22.42,26.56,18.6,74.32,5.06,105.38,2,Coffee
48.49,59.78,36.64,22.14,81.3,6.66,118.92,2,Papaya
24.2,65.19,29.32,25.38,48.48,6.4,75.58,2,Black Gram
90.68,40.26,27.34,25.4,67.25,6.85,85.79,2,Cotton
84.75,42.02,44.18,29.42,88.88,6.84,169.37,0,Jute
19.14,136.14,205,16.25,65.63,6.03,83.96,2,Apple
77.35,46.57,42.16,28.85,63.86,6.89,90.77,2,Maize
107.88,16.85,48.02,28.37,72.69,5.14,98.1,2,Watermelon
91.97,28.68,60.02,26.74,79.23,6.2,95.81,2,Muskmelon
72.02,50.49,38.83,25.66,96.76,6.46,146.98,0,Jute
54.49,66.09,41.84,25.38,79.84,6.98,57.87,2,Papaya
83.27,46.74,31.45,23.94,59.7,7.6,83.81,2,Maize
118.8,17.46,52.05,24.97,76.1,6.44,80.23,2,Watermelon
25.31,52.74,29.9,27.86,62.93,4.43,117.48,2,Pigeon Peas
20.58,19.99,30.22,24.73,96.84,6.09,139.86,2,Coconut
27.12,63.16,22.62,28.11,72.34,6.98,108.15,0,Black Gram
27.95,63.95,26.49,17.97,54.74,5.91,39.78,1,Lentil
130.67,23.92,24.93,27.74,75.75,5.59,132.75,0,Coffee
76.81,23.79,49.0,26.1,88.13,5.42,118.29,0,Watermelon
16.97,21.97,36.79,25.11,68.11,5.94,73.0,2,Pomegranate
13.91,73.91,28.38,17.13,55.75,6.8,50.93,1,Lentil
40.37,73.08,34.09,19.2,57.59,6.47,57.67,1,Chickpea
88.45,44.79,41.56,31.87,92.15,6.32,153.99,0,Jute
100.7,16.44,26.58,24.57,72.84,6.0,107.48,2,Coffee
22.39,26.77,23.66,28.49,88.04,5.92,150.61,0,Coconut
23.89,54.5,24.9,28.06,60.58,6.17,80.92,2,Mung Beans
109.03,42.98,20.23,27.38,55.82,6.75,106.27,2,Cotton
86.32,49.43,40.61,27.52,91.11,7.27,151.13,0,Jute
29.56,60.23,27.7,24.93,66.45,6.11,83.36,2,Mung Beans
87.83,22.31,32.28,26.55,79.11,5.91,136.51,0,Coffee
27.34,59.79,22.84,27.95,68.56,5.46,120.62,2,Pigeon Peas
92.04,17.67,41.54,26.98,74.14,5.97,107.57,0,Watermelon
25.55,46.07,26.94,13.69,48.75,6.43,67.66,1,Lentil
25.56,69.11,26.96,17.87,63.42,5.43,78.74,2,Kidney Beans
20.49,130.77,205,18.84,66.53,6.6,105.49,2,Apple
17.6,45.22,22.17,27.75,56.06,7.36,58.34,2,Moth Beans
27.71,54.97,22.96,20.36,53.87,6.15,52.73,1,Lentil
27.85,67.21,27.62,28.96,63.56,5.71,121.57,2,Pigeon Peas
50.24,68.83,46.87,25.57,77.33,6.47,93.86,2,Papaya
21.7,19.35,35.93,29.38,83.96,5.7,134.26,0,Coconut
22.14,22.38,37.49,24.8,47.34,7.31,67.97,2,Pomegranate
94.28,15.52,62.15,28.57,67.31,5.9,88.31,2,Muskmelon
81.86,41.48,40.42,29.78,83.84,6.32,104.86,0,Maize
78.05,90.31,37.0,27.22,85.64,5.86,93.87,2,Banana
29.1,18.1,27.47,24.99,90.0,6.14,195.8,2,Coconut
55.45,65.25,45.73,25.71,86.07,6.06,96.91,2,Papaya
101.77,11.88,59.53,26.46,77.12,5.96,87.93,2,Watermelon
35.92,71.25,34.96,25.31,52.87,7.07,76.79,2,Chickpea
82.76,21.22,26.75,20.41,93.58,6.63,179.69,2,Coffee
62.56,43.31,42.35,29.92,80.32,6.67,207.45,0,Rice
111.38,21.31,21.64,20.69,78.31,5.52,148.65,2,Coffee
78.27,27.2,32.61,27.68,73.61,6.29,172.55,0,Coffee
30.39,30.21,32.57,25.72,77.6,7.09,85.15,2,Mango
70.46,43.53,46.35,24.75,99.98,6.76,129.18,2,Jute
21.31,46.97,31.16,27.21,63.69,7.23,87.09,2,Mung Beans
21.23,51.71,26.6,27.84,55.69,6.85,76.3,2,Black Gram
83.94,38.86,39.01,28.77,89.75,6.98,181.32,0,Jute
26.18,15.38,26.49,25.76,84.47,6.05,187.23,0,Coconut
102.59,93.32,50.67,31.57,86.01,6.08,119.24,0,Banana
66.82,49.9,38.85,29.4,74.98,6.38,110.09,0,Maize
22.36,62.84,27.91,26.03,72.01,6.33,102.33,0,Black Gram
15.61,127.79,173.42,18.71,66.87,5.89,101.71,2,Apple
92.44,48.3,37.09,26.53,86.87,5.82,190.02,0,Rice
26.57,19.24,27.44,27.98,82.12,6.93,216.18,0,Coconut
94.31,19.87,37.44,27.76,61.26,6.58,89.87,2,Muskmelon
65.02,46.06,39.08,32.44,77.72,6.64,152.93,0,Rice
13.41,38.07,20.54,29.38,44.47,6.38,61.39,2,Moth Beans
15.14,14.58,30.96,26.61,56.51,6.22,63.91,2,Pomegranate
14.37,16.76,39.57,26.4,44.44,6.4,70.72,2,Pomegranate
10.97,61.4,17.16,17.39,64.07,5.99,87.45,2,Kidney Beans
19.66,50.59,23.29,31.27,66.66,6.77,68.78,2,Mung Beans
18.29,145,205,19.57,53.44,5.82,122.96,1,Apple
87.93,46.47,27.85,23.62,75.31,5.96,83.64,2,Maize
28.12,20.18,31.16,28.31,90.0,6.52,224.69,0,Coconut
46.61,75.24,34.3,21.02,44.23,6.46,67.74,1,Chickpea
13.37,138.93,205,18.24,53.32,5.55,123.59,1,Apple
25.05,18.54,33.39,28.78,83.96,5.38,184.55,0,Coconut
70.78,95.02,37.33,29.14,76.85,6.64,129.94,0,Banana
31.63,31.7,32.1,29.47,70.11,7.01,62.7,2,Mango
34.58,71.82,41.51,21.71,64.77,5.5,71.72,2,Chickpea
13.68,37.83,22.9,28.44,77.41,6.73,83.61,2,Mung Beans
119.14,18.89,32.08,26.31,79.48,5.96,146.72,0,Coffee
138.7,37.45,23.89,28.18,72.82,6.13,116.1,0,Cotton
75.55,30.99,53.72,29.82,67.07,6.36,86.41,2,Muskmelon
140,37.48,25.08,27.93,66.72,6.17,97.71,2,Cotton
15.08,30.74,30.82,23.81,69.42,6.67,76.21,2,Grapes
67.73,48.18,48.16,25.85,81.19,6.2,153.71,0,Jute
103.8,23.84,29.43,23.88,87.1,6.44,132.19,2,Coffee
62.57,68.31,45.76,21.86,68.39,6.25,70.28,2,Papaya
27.85,17.97,26.56,27.87,85.93,6.28,164.01,0,Coconut
24.75,55.65,23.57,25.15,63.45,5.89,98.25,2,Black Gram
20.37,54.75,19.94,28.04,60.32,6.24,76.32,2,Mung Beans
15.66,63.17,16.08,21.16,66.94,6.05,128.41,2,Kidney Beans
92.57,20.37,59.73,28.52,65.46,6.18,102.85,2,Muskmelon
130.43,35.04,23.67,25.0,70.98,6.37,117.64,2,Cotton
91.12,21.65,28.36,21.21,77.62,5.66,197.92,2,Coffee
107.4,46.52,46.56,25.13,81.15,6.65,252.37,0,Rice
21.66,46.25,32.14,30.53,38.35,6.37,52.14,2,Moth Beans
45.35,62.19,45.15,25.48,81.27,6.73,116.43,0,Papaya
16.15,30.34,33.24,25.58,68.39,6.74,67.49,2,Grapes
15.79,133.75,205,14.85,52.36,5.59,104.45,1,Apple
63.99,63.89,60.81,26.19,75.72,6.63,136.14,0,Banana
23.08,48.63,21.32,29.89,56.02,6.24,102.14,2,Pigeon Peas
20.09,42.69,27.58,30.5,67.84,7.03,97.6,2,Mung Beans
21.67,50.57,22.94,15.37,41.42,6.63,46.79,1,Lentil
25.0,59.81,28.97,24.77,70.86,6.73,109.24,2,Black Gram
30.16,58.6,26.74,17.27,52.46,6.4,57.45,1,Lentil
18.98,31.17,27.88,28.14,71.29,6.81,97.52,2,Mango
33.32,141.39,173.85,17.11,61.51,7.01,113.88,2,Apple
21.52,55.18,20.79,24.08,67.2,6.75,71.13,2,Mung Beans
109.73,23.13,33.89,20.51,74.71,5.76,140.71,2,Coffee
80.59,14.09,41.31,21.89,70.05,6.86,101.78,2,Watermelon
80.32,38.12,44.03,30.1,94.05,6.43,152.21,0,Jute
18.06,52.96,21.56,20.9,67.64,6.65,57.81,2,Lentil
26.13,61.38,25.27,17.13,67.11,5.23,101.08,2,Kidney Beans
12.11,49.71,22.28,28.34,68.66,5.95,93.09,2,Black Gram
19.2,11.13,18.77,21.73,74.35,7.46,113.3,2,Orange
24.76,55.95,29.97,22.51,49.67,6.34,58.58,2,Lentil
27.17,25.52,40.58,21.91,63.78,6.32,64.16,2,Grapes
51.75,76.92,30.02,19.99,64.94,6.28,68.29,2,Chickpea
29.06,50.44,19.1,22.2,61.37,6.44,56.85,2,Lentil
77.45,42.92,40.65,28.06,73.38,5.77,83.51,2,Maize
94.36,18.72,51.33,26.3,70.8,5.89,106.51,0,Muskmelon
20.31,145,176.56,17.97,66.35,5.76,126.58,2,Apple
75.65,41.15,41.78,31.78,82.27,6.27,182.26,0,Rice
22.52,20.57,40.52,21.99,54.78,5.47,65.59,1,Pomegranate
21.07,36.82,23.54,33.76,43.2,6.35,43.02,2,Moth Beans
72.02,21.24,48.09,27.26,75.14,6.82,114.86,0,Muskmelon
21.51,14.78,11.71,20.17,81.8,6.22,105.76,2,Orange
54.58,62.3,49.56,28.04,62.33,6.46,81.77,2,Papaya
17.18,25.14,34.5,28.36,59.46,6.72,90.45,2,Mango
96.12,53.09,30.54,24.81,87.66,5.91,188.34,2,Rice
74.25,45.96,16.24,25.59,62.32,6.65,95.36,2,Cotton
98.82,13.03,44.64,29.36,66.58,6.38,92.73,2,Muskmelon
76.22,42.14,44.62,28.4,76.73,6.33,145.85,0,Jute
16.5,58.93,25.73,18.9,55.14,5.94,65.75,1,Lentil
109.62,21.43,29.4,21.23,77.32,5.6,164.87,2,Coffee
25.07,21.26,30.25,29.76,85.39,6.49,180.0,0,Coconut
93.41,46.71,41.38,25.97,87.7,5.82,171.49,0,Jute
12.21,35.56,39.72,26.65,71.77,6.91,83.03,2,Grapes
30.99,58.53,19.2,28.45,59.14,5.87,71.85,2,Pigeon Peas
23.5,50.74,23.98,21.84,50.62,6.14,43.91,1,Lentil
56.28,55.47,51.28,28.18,72.47,6.33,102.47,0,Papaya
26.03,67.99,16.63,18.45,64.84,7.32,47.16,2,Lentil
22.19,64.26,23.58,30.66,76.38,5.84,74.43,2,Pigeon Peas
26.56,10.46,17.46,26.75,69.18,6.17,137.66,2,Orange
26.07,50.56,26.41,24.82,72.49,5.32,84.8,2,Black Gram
24.73,34.54,31.64,26.32,70.69,6.92,89.1,2,Mango
20.45,74.51,9.13,18.97,66.75,6.4,106.35,2,Kidney Beans
110.86,84.39,46.95,28.74,75.33,5.94,126.16,0,Banana
8.18,55.89,19.84,19.09,58.35,6.28,85.32,1,Kidney Beans
102.57,16.02,33.16,25.36,81.98,5.13,143.39,0,Coffee
20.0,49.91,24.03,26.74,75.72,6.4,62.23,2,Mung Beans
84.9,19.27,31.36,26.08,77.29,5.85,167.32,0,Coffee
28.86,61.15,27.8,22.82,68.17,6.66,57.8,2,Lentil
27.8,68.97,23.47,18.83,75.2,6.07,121.79,2,Kidney Beans
18.23,17.59,7.41,21.87,69.28,6.27,114.92,2,Orange
101.9,16.7,42.2,28.19,73.61,6.14,91.11,2,Watermelon
22.56,64.83,24.9,27.56,67.02,7.22,92.13,2,Black Gram
15.93,18.88,38.85,24.46,56.36,6.29,83.9,2,Pomegranate
17.34,145,205,18.01,62.93,6.6,113.53,2,Apple
80.35,83.25,59.16,28.34,79.73,6.18,81.67,2,Banana
31.25,65.05,33.71,18.44,62.93,5.44,62.33,2,Chickpea
36.88,28.77,25.61,28.22,57.8,6.38,77.41,2,Mango
12.67,14.56,27.96,27.91,58.51,6.35,54.98,2,Pomegranate
17.57,15.0,12.15,21.8,78.62,6.37,68.91,2,Orange
102.63,18.76,29.58,22.44,79.07,5.86,160.02,2,Coffee
17.03,74.5,24.99,19.46,79.5,6.01,96.37,2,Kidney Beans
27.06,13.53,16.09,22.61,77.29,5.97,103.29,2,Orange
22.21,133.9,205,21.85,54.7,6.02,113.1,1,Apple
34.18,77.54,28.54,19.3,51.04,7.29,59.36,1,Chickpea
24.59,73.52,13.07,20.11,64.89,5.52,75.64,2,Kidney Beans
103.29,46.12,38.21,29.21,78.46,5.9,209.06,0,Rice
18.46,116.17,205,12.64,62.88,6.1,95.44,2,Apple
16.84,48.96,22.13,31.29,55.2,7.14,48.54,2,Moth Beans
108.66,19.72,29.29,24.15,72.51,6.59,148.73,2,Coffee
18.27,61.29,22.92,19.28,62.0,5.72,77.51,2,Kidney Beans
104.53,77.51,48.42,26.76,71.95,6.08,136.95,0,Banana
16.82,127.54,155.41,15.63,56.99,6.17,77.87,1,Apple
89.36,22.56,47.98,26.0,83.24,5.68,101.88,0,Watermelon
20.4,118.27,205,18.38,56.82,5.84,97.64,1,Apple
42.28,57.43,35.88,15.46,59.73,6.53,72.21,1,Chickpea
24.5,55.71,25.27,29.23,64.39,6.76,98.1,2,Black Gram
18.02,56.08,28.87,25.29,58.75,7.18,70.93,2,Black Gram
16.26,32.24,30.55,27.71,69.85,7.19,88.29,2,Mango
22.56,57.16,23.34,24.38,52.51,5.42,75.77,2,Black Gram
88.7,17.78,54.96,25.01,90.09,6.08,83.6,2,Watermelon
76.9,54.36,31.62,23.71,59.98,6.54,109.38,2,Maize
72.53,92.62,48.58,27.7,80.9,6.5,131.79,0,Banana
20.87,75.6,27.49,21.75,58.07,6.63,87.32,1,Kidney Beans
27.5,68.99,22.13,26.7,62.88,6.17,101.34,2,Pigeon Peas
31.39,56.41,36.34,30.26,72.67,6.8,123.72,0,Pigeon Peas
28.48,55.72,25.24,28.7,64.19,6.05,64.8,2,Mung Beans
91.04,14.62,51.61,27.78,71.16,6.89,76.64,2,Watermelon
45.53,78.91,30.92,19.93,52.5,6.7,75.46,1,Chickpea
86.95,17.96,31.35,22.11,63.56,5.58,133.42,2,Coffee
108.64,85.06,57.11,23.83,90.48,6.26,156.32,2,Banana
29.24,57.84,22.1,26.7,58.98,6.2,87.94,2,Black Gram
99.1,34.78,24.47,24.25,58.57,5.93,106.53,2,Cotton
27.44,45.86,19.41,29.32,36.35,6.49,47.99,2,Moth Beans
117.42,47.86,22.59,29.47,71.74,6.45,89.08,2,Cotton
13.87,18.42,14.0,22.37,79.64,6.6,123.55,2,Orange
26.95,64.73,20.05,21.43,63.77,5.91,92.61,2,Kidney Beans
84.08,42.24,40.51,27.63,80.86,6.04,223.89,0,Rice
41.48,56.61,25.1,15.02,58.89,6.72,57.34,1,Lentil
92.72,46.55,44.5,27.05,99.98,6.42,145.22,0,Jute
17.3,27.65,39.11,20.84,64.38,6.38,77.84,2,Grapes
18.31,20.67,31.66,24.87,87.6,5.93,180.49,2,Coconut
53.09,58.4,60.6,24.9,79.44,6.26,94.38,2,Papaya
21.18,22.02,35.97,26.77,77.33,5.83,173.76,0,Coconut
31.03,43.46,25.25,28.25,63.1,6.73,55.39,2,Moth Beans
48.68,67.78,49.98,28.68,77.24,6.32,89.58,2,Papaya
16.44,122.24,190.09,23.81,58.04,5.69,113.02,2,Apple
40.92,71.49,44.49,22.0,66.22,5.82,62.21,2,Chickpea
43.61,55.88,34.6,25.05,66.47,5.65,73.83,2,Chickpea
96.52,17.09,46.72,27.32,77.26,6.03,115.05,0,Watermelon
58.06,60.38,57.01,23.26,69.39,7.12,115.89,2,Papaya
20.95,23.35,31.76,24.82,68.59,6.47,52.58,2,Grapes
29.58,65.76,21.12,18.53,54.48,5.59,62.76,1,Lentil
32.15,29.19,29.79,27.47,68.59,6.17,90.82,2,Mango
88.15,15.09,43.93,25.21,72.89,5.86,90.27,2,Watermelon
90.8,17.72,32.48,25.52,74.51,5.36,138.94,0,Coffee
17.55,110.23,205,17.97,66.77,5.64,119.24,2,Apple
21.34,28.4,32.77,28.07,61.33,6.94,90.81,2,Mango
26.0,33.69,33.86,29.22,69.8,6.66,68.49,2,Mango
18.66,26.8,31.76,25.05,67.12,5.82,68.6,2,Grapes
120.19,18.41,40.5,25.98,73.27,5.39,68.81,2,Watermelon
24.56,57.84,24.06,27.43,61.14,6.17,124.29,2,Pigeon Peas
54.35,63.19,44.33,27.92,79.67,5.79,107.81,0,Papaya
74.91,23.36,33.52,21.06,89.71,5.39,165.03,2,Coffee
55.72,46.78,41.78,30.18,87.54,6.41,240.48,0,Rice
29.77,17.17,36.63,30.28,63.95,6.2,53.99,2,Pomegranate
18.16,20.75,34.49,28.67,91.02,6.08,221.14,0,Coconut
18.16,16.27,34.29,26.08,58.4,6.52,97.74,2,Pomegranate
29.82,31.95,30.95,25.75,65.78,6.53,92.02,2,Mango
17.77,13.2,11.81,22.21,74.7,6.07,127.71,2,Orange
22.25,66.42,28.46,27.46,65.89,6.37,108.06,2,Pigeon Peas
104.9,89.96,52.49,25.89,84.44,5.93,127.21,0,Banana
83.77,37.22,32.97,23.53,65.54,5.93,90.8,2,Maize
23.31,21.37,28.5,23.37,45.21,6.16,69.02,2,Pomegranate
109.68,35.63,19.46,25.29,74.74,7.28,101.07,0,Cotton
51.25,63.94,52.65,30.1,65.01,7.25,75.63,2,Papaya
24.33,46.23,26.86,29.84,58.87,6.1,119.05,2,Pigeon Peas
23.12,16.5,28.79,26.9,55.37,7.32,63.24,2,Pomegranate
24.81,64.38,13.19,18.97,63.95,6.59,117.04,2,Kidney Beans
22.83,22.45,32.44,19.59,60.22,5.92,68.19,2,Pomegranate
34.18,29.4,31.52,27.01,62.17,5.98,77.61,2,Mango
104.87,18.07,51.05,27.93,76.3,6.29,120.65,0,Watermelon
95.28,18.7,52.58,25.96,85.54,6.58,86.76,2,Watermelon
17.09,61.91,25.96,17.12,65.52,6.02,114.55,2,Kidney Beans
102.82,24.67,43.25,25.75,60.1,6.86,99.52,2,Muskmelon
42.45,80.24,39.66,20.9,51.86,7.3,68.93,1,Chickpea
88.59,73.07,61.8,23.36,72.89,5.8,136.19,2,Banana
17.98,49.14,28.16,28.56,60.22,6.73,86.26,2,Mung Beans
45.29,67.01,47.4,22.75,57.43,6.43,72.44,2,Chickpea
115.56,14.8,52.24,27.02,65.52,6.39,96.13,2,Muskmelon
42.31,68.35,34.92,17.0,47.37,6.79,57.18,1,Chickpea
83.6,40.04,45.51,27.04,88.72,6.03,165.23,0,Jute
44.66,68.4,56.99,25.19,75.76,7.48,95.66,2,Papaya
22.0,29.01,31.33,29.65,68.29,6.41,92.86,2,Mango
89.47,12.52,48.52,26.7,73.24,6.26,64.92,2,Muskmelon
97.01,23.38,55.47,28.13,79.12,6.44,74.38,2,Muskmelon
41.31,70.01,35.76,24.94,59.24,5.15,66.95,2,Chickpea
27.42,55.88,27.08,23.94,54.82,6.68,95.4,2,Black Gram
48.93,70.94,26.25,14.67,47.99,6.27,68.02,1,Chickpea
17.92,122.81,205,18.83,67.88,6.35,122.01,2,Apple
21.19,65.16,14.66,15.78,76.98,5.9,107.57,2,Kidney Beans
24.85,58.56,27.65,32.36,68.21,6.26,92.89,2,Mung Beans
20.78,37.85,28.24,29.98,39.1,6.73,42.95,2,Moth Beans
90.75,44.44,22.92,29.26,64.5,7.5,95.0,2,Cotton
24.12,48.35,24.93,29.99,53.02,7.33,54.38,2,Moth Beans
116.7,80.57,55.99,27.07,80.25,6.29,112.11,0,Banana
74.13,15.75,41.27,26.2,91.16,5.75,84.64,2,Watermelon
24.94,48.95,23.91,29.82,63.76,6.44,83.65,2,Black Gram
22.1,8.25,13.87,28.08,61.43,6.66,106.95,2,Orange
42.97,59.35,34.12,20.66,40.77,6.25,79.85,1,Chickpea
28.61,47.83,21.51,27.05,57.63,5.89,79.76,2,Mung Beans
74.13,40.07,42.69,26.17,86.63,6.67,178.78,0,Jute
18.5,28.33,30.23,23.51,63.42,6.4,60.16,2,Pomegranate
87.07,41.05,40.33,24.29,77.58,6.52,126.07,2,Jute
104.83,20.19,34.17,22.57,73.43,5.91,122.75,2,Coffee
108.46,36.28,17.75,26.1,74.09,6.13,96.86,2,Cotton
24.09,54.9,35.19,16.87,54.04,6.22,62.34,1,Lentil
47.17,75.25,52.83,23.67,67.06,6.13,81.67,2,Papaya
75.25,46.41,43.96,31.19,81.69,6.0,213.74,0,Rice
29.8,64.65,32.66,26.5,53.51,6.29,80.38,2,Chickpea
130.0,40.84,25.36,30.23,69.62,5.99,88.15,2,Cotton
92.17,19.31,29.79,25.53,92.39,6.39,154.74,0,Coffee
112.84,21.83,44.42,24.18,58.88,6.75,99.4,2,Muskmelon
112.01,12.46,46.63,27.12,83.38,6.59,113.47,0,Watermelon
24.83,62.81,20.14,19.47,61.8,7.39,85.96,2,Kidney Beans
39.98,66.41,35.93,18.04,53.95,5.87,72.31,1,Chickpea
79.33,83.91,48.78,28.55,80.85,6.29,131.34,0,Banana
43.49,69.52,44.94,26.53,72.29,5.84,97.25,2,Papaya
108.38,81.39,37.27,32.88,77.35,6.69,122.55,0,Banana
37.59,74.11,32.45,19.98,58.78,6.41,60.9,1,Chickpea
77.79,51.57,40.19,26.43,97.32,6.55,144.74,0,Jute
104.36,63.75,53.0,29.49,81.29,6.52,120.3,0,Banana
85.14,15.24,50.77,28.23,83.17,6.11,97.64,2,Watermelon
17.92,52.28,22.45,27.22,53.09,7.18,94.19,2,Black Gram
26.87,145,205,19.02,65.64,4.65,120.71,2,Apple
101.54,76.76,47.57,30.18,91.36,6.01,105.95,0,Banana
22.59,47.68,15.79,26.74,63.15,7.06,80.49,2,Black Gram
112.72,81.73,51.27,27.34,90.92,6.92,105.76,0,Banana
23.12,124.85,205,17.56,52.49,5.96,93.19,1,Apple
29.82,60.86,32.26,26.26,56.63,6.69,139.95,2,Pigeon Peas
114.71,21.95,27.88,24.97,93.65,6.57,135.07,2,Coffee
84.05,12.98,50.21,27.85,84.36,6.19,83.32,2,Muskmelon
18.37,58.45,26.59,30.47,59.35,7.03,90.23,2,Black Gram
91.63,21.66,30.24,21.38,85.02,5.93,168.32,2,Coffee
99.48,16.59,44.94,23.11,59.64,5.54,84.95,2,Watermelon
37.23,34.72,35.72,27.73,61.41,6.71,90.7,2,Mango
18.81,35.61,29.26,28.98,54.49,6.89,62.97,2,Grapes
25.89,56.46,19.58,28.25,76.16,6.19,67.48,2,Mung Beans
106.97,15.42,55.8,24.44,69.33,5.93,111.78,2,Muskmelon
118.5,38.35,22.63,27.76,68.27,7.03,98.6,2,Cotton
37.37,70.75,36.86,23.5,54.97,5.74,67.11,2,Chickpea
20.93,29.31,32.92,26.73,67.55,6.69,54.47,2,Grapes
84.66,44.95,34.49,21.55,81.47,6.59,158.73,2,Jute
11.41,19.74,17.26,23.97,79.1,7.11,88.87,2,Orange
32.47,21.52,18.46,24.62,88.71,6.41,101.37,2,Orange
101.41,12.99,49.63,27.3,71.27,6.64,109.0,0,Watermelon
23.03,50.6,22.63,30.46,54.75,6.79,74.39,2,Moth Beans
63.28,63.12,59.97,24.15,73.19,6.16,108.07,2,Papaya
19.11,33.65,31.79,24.95,66.93,6.54,86.43,2,Grapes
22.71,54.57,24.71,27.45,71.72,6.57,134.47,0,Pigeon Peas
19.22,62.38,17.95,16.62,66.38,5.87,113.72,2,Kidney Beans
20.18,18.91,35.72,27.83,86.79,6.18,190.23,0,Coconut
94.15,55.04,41.85,26.22,90.52,6.66,142.02,0,Jute
89.01,36.1,24.07,31.5,68.72,6.44,93.33,2,Cotton
95.83,24.42,52.53,28.05,71.56,5.5,95.21,2,Muskmelon
16.39,124.67,192.22,17.02,55.32,5.96,82.09,1,Apple
92.17,6.83,51.82,22.71,82.7,5.85,117.33,2,Watermelon
83.57,50.74,38.02,28.97,75.63,7.07,218.97,0,Rice
30.19,18.26,29.53,28.19,83.6,6.22,182.66,0,Coconut
54.43,65.05,54.63,27.17,71.18,5.61,90.42,2,Papaya
27.39,61.52,25.03,27.37,41.65,6.59,97.24,2,Pigeon Peas
22.3,21.93,33.47,24.37,35.73,7.22,67.62,2,Pomegranate
89.22,52.68,42.43,29.84,91.98,6.46,157.31,0,Rice
23.76,44.65,28.24,20.14,52.47,6.93,59.85,1,Lentil
16.59,87.74,18.36,21.07,63.5,6.37,85.08,2,Kidney Beans
60.4,44.33,37.1,24.72,59.94,6.8,93.77,2,Maize
76.79,43.83,40.56,28.51,90.14,6.8,203.32,0,Rice
11.56,132.86,170.95,17.15,60.72,5.82,106.06,2,Apple
24.55,136.17,185.19,19.96,48.8,6.18,105.68,1,Apple
95.27,38.2,40.09,27.71,90.52,6.06,186.68,0,Jute
27.5,52.38,25.43,24.98,64.04,7.08,81.04,2,Mung Beans
86.88,44.03,20.18,26.49,57.35,5.58,75.74,2,Cotton
22.29,29.5,34.67,22.01,63.76,6.21,56.59,2,Grapes
117.6,46.05,21.24,25.94,59.24,6.37,94.6,2,Cotton
35.98,57.11,24.23,26.31,64.56,6.03,121.78,2,Pigeon Peas
42.95,75.31,42.55,23.67,82.48,6.02,101.46,2,Papaya
104.59,73.84,50.28,33.12,87.6,6.13,132.82,0,Banana
17.9,12.09,15.72,17.7,62.2,6.85,67.59,2,Orange
84.09,82.55,38.57,29.39,74.28,6.92,110.54,0,Banana
33.49,59.2,21.11,27.28,59.75,6.46,58.19,2,Mung Beans
22.88,45.47,25.58,25.13,42.26,5.71,102.76,2,Pigeon Peas
111.1,66.31,55.94,26.1,78.54,6.98,124.59,0,Banana
21.01,63.55,24.21,29.72,75.12,6.7,67.89,2,Black Gram
13.41,47.28,23.18,32.74,38.89,6.83,56.15,2,Moth Beans
26.03,53.16,27.6,17.32,66.77,6.77,58.94,2,Lentil
132.11,14.34,40.58,27.71,66.67,7.76,73.35,2,Muskmelon
17.06,48.98,25.74,26.19,56.62,6.28,65.24,2,Mung Beans
71.1,44.85,32.57,25.14,71.63,5.84,101.03,0,Maize
24.87,16.7,11.93,27.72,65.65,6.72,99.83,2,Orange
84.55,21.12,62.67,24.68,67.74,6.08,111.67,2,Watermelon
81.42,47.8,45.74,26.87,69.91,6.63,206.89,2,Rice
25.79,34.01,34.7,26.69,68.79,6.65,111.98,2,Mango
29.74,28.89,31.08,29.62,67.99,6.02,81.78,2,Grapes
71.6,48.41,42.11,28.97,81.47,7.14,158.12,0,Jute
71.44,48.62,34.53,28.69,84.93,6.16,259.98,0,Rice
85.9,16.1,52.27,29.33,88.01,7.03,113.28,0,Watermelon
18.51,25.59,25.18,27.53,86.79,5.59,155.13,0,Coconut
27.42,47.11,17.8,27.94,67.01,6.85,84.37,2,Mung Beans
86.71,50.7,42.94,28.42,88.02,5.7,146.38,0,Jute
71.39,13.7,50.5,30.9,79.44,5.96,89.07,2,Watermelon
23.94,59.28,25.63,27.74,60.84,5.83,138.07,2,Pigeon Peas
99.43,16.65,38.72,25.81,71.1,5.16,88.07,2,Watermelon
21.45,31.72,30.04,26.48,75.64,6.74,86.25,2,Grapes
24.65,27.67,24.28,24.07,52.01,6.47,79.98,2,Mango
20.86,11.56,13.24,21.92,77.17,6.63,116.7,2,Orange
32.53,41.81,30.64,27.74,69.33,6.9,91.53,2,Mung Beans
18.86,21.96,22.8,24.74,92.9,7.01,123.87,2,Coconut
19.68,59.03,18.03,30.22,68.43,6.26,70.65,2,Mung Beans
79.68,44.99,37.6,25.73,68.64,7.09,102.47,2,Maize
57.31,46.58,36.49,28.24,78.74,7.12,157.3,0,Rice
79.16,10.24,49.54,28.33,80.04,6.58,120.93,0,Watermelon
23.61,80.78,20.2,18.35,72.19,6.02,101.48,2,Kidney Beans
133.29,41.05,21.72,27.04,75.01,6.5,84.97,2,Cotton
117.8,89.72,44.29,25.23,93.94,6.3,100.62,0,Banana
15.15,72.74,17.23,17.36,56.95,6.05,118.98,1,Kidney Beans
25.02,22.44,28.28,28.92,64.22,6.05,105.27,2,Mango
18.06,145,201.97,18.42,62.81,5.54,85.76,2,Apple
104.24,43.33,23.12,22.4,62.14,7.03,84.6,2,Cotton
17.35,11.83,10.2,20.71,63.48,6.6,116.52,2,Orange
16.81,16.96,11.65,19.59,78.99,6.47,93.89,2,Orange
25.31,52.73,24.63,29.6,58.76,6.68,98.47,2,Mung Beans
27.67,145,171.71,16.7,55.32,5.2,122.2,1,Apple
127.33,44.56,17.29,26.41,67.25,6.69,89.39,2,Cotton
14.3,45.26,25.63,28.5,62.65,6.69,69.36,2,Mung Beans
123.24,43.86,22.31,25.16,58.5,6.58,82.84,2,Cotton
25.57,52.1,28.18,24.71,51.23,6.69,71.4,2,Black Gram
21.42,41.1,24.71,30.29,46.66,7.0,60.22,2,Moth Beans
37.23,57.22,43.03,31.15,79.38,6.29,118.69,0,Papaya
83.89,34.08,21.13,29.41,68.99,6.56,91.79,2,Cotton
9.8,25.75,39.53,22.28,64.8,6.98,58.79,2,Grapes
19.49,50.43,22.35,27.33,56.24,6.49,60.85,2,Moth Beans
22.51,21.05,31.17,26.21,55.73,7.31,71.19,2,Pomegranate
22.41,19.84,38.77,25.78,50.43,6.2,84.55,2,Pomegranate
21.11,48.91,23.29,29.13,57.33,7.63,54.03,2,Moth Beans
72.98,44.04,30.75,25.28,66.65,5.13,107.54,2,Maize
133.67,45.45,18.48,23.64,74.3,6.24,70.73,2,Cotton
87.3,13.0,58.26,25.69,64.62,5.85,93.5,2,Muskmelon
16.18,130.99,201.22,20.41,66.8,6.1,107.58,2,Apple
18.34,17.46,19.0,21.94,84.21,6.8,102.99,2,Orange
106.2,24.47,48.54,27.86,65.93,7.49,101.48,2,Muskmelon
29.91,26.12,28.94,27.75,82.34,6.15,201.94,0,Coconut
16.63,56.12,26.36,29.66,58.67,6.03,77.68,2,Mung Beans
29.15,26.63,25.87,26.48,66.07,6.89,83.71,2,Mango
26.46,51.74,25.88,30.01,58.9,6.95,81.99,2,Mung Beans
35.03,56.41,30.85,29.15,72.38,7.38,79.35,2,Mung Beans
92.16,32.91,37.41,23.24,68.99,6.22,125.46,2,Maize
23.64,58.02,21.94,29.4,62.87,5.87,125.59,2,Pigeon Peas
18.72,31.07,37.44,24.92,61.55,5.77,71.01,2,Grapes
90.57,22.66,52.87,28.29,73.8,5.63,100.52,0,Muskmelon
75.42,40.18,34.07,23.39,67.19,5.92,103.66,2,Maize
21.72,15.26,31.52,26.04,71.69,5.44,230.31,0,Coconut
85.67,26.36,34.76,23.97,78.77,5.89,129.06,2,Coffee
35.53,59.94,40.11,23.51,73.24,6.47,61.17,2,Chickpea
23.76,30.95,27.79,28.55,71.25,6.79,83.08,2,Mango
82.54,43.59,36.16,32.39,88.53,6.76,149.94,0,Jute
69.36,39.38,34.36,25.42,62.51,6.67,112.69,2,Maize
19.07,46.35,20.37,31.87,50.41,7.42,68.94,2,Moth Beans
90.69,91.2,52.51,26.13,89.01,6.61,123.52,0,Banana
21.09,55.08,26.54,25.48,60.84,6.28,92.47,2,Black Gram
22.08,135.81,205,19.2,54.41,5.59,101.96,1,Apple
25.0,65.13,30.96,24.84,64.29,6.27,101.11,2,Black Gram
18.92,58.58,18.62,16.83,60.87,6.83,68.53,2,Lentil
77.71,48.73,39.77,26.04,80.11,6.75,171.68,0,Jute
99.83,19.74,44.4,24.86,72.27,5.69,97.95,2,Muskmelon
53.27,40.35,38.2,24.76,91.71,6.81,146.47,2,Jute
45.24,60.33,43.28,30.66,74.57,7.18,113.7,0,Papaya
107.79,53.14,33.28,27.12,85.0,6.85,159.55,0,Rice
22.49,16.98,24.65,20.71,57.47,6.24,66.41,1,Pomegranate
23.24,31.26,32.36,25.34,64.05,7.05,67.69,2,Grapes
16.52,17.67,16.07,20.51,70.26,5.96,114.56,2,Orange
94.26,51.47,38.04,27.82,64.47,5.65,114.74,2,Maize
24.93,62.4,21.71,24.32,57.4,6.33,85.75,2,Pigeon Peas
20.78,28.0,28.15,25.76,47.18,5.8,92.04,2,Mango
140,45.02,23.36,24.99,59.33,6.68,80.38,2,Cotton
29.78,29.24,37.21,30.07,70.08,7.15,81.28,2,Mango
59.82,63.73,40.81,26.98,70.66,6.67,87.48,2,Papaya
31.25,59.41,26.03,25.18,71.07,6.63,92.71,2,Black Gram
88.27,13.12,26.03,24.62,93.65,5.57,148.49,2,Coffee
30.22,27.38,26.64,26.09,63.61,7.41,101.48,2,Mango
126.25,64.6,57.36,25.67,76.56,5.57,111.55,0,Banana
69.65,31.04,31.84,24.79,65.73,6.15,94.09,2,Maize
29.49,48.79,22.64,25.46,59.31,6.12,68.35,2,Mung Beans
82.66,49.2,40.07,27.06,91.44,6.27,179.08,0,Jute
25.12,22.7,10.67,25.14,82.1,6.43,95.0,2,Orange
56.14,56.85,52.63,29.01,71.87,6.66,98.59,2,Papaya
19.16,25.46,41.62,26.72,55.39,6.43,75.63,2,Grapes
29.9,51.17,32.26,29.86,68.86,7.14,70.36,2,Mung Beans
97.13,14.66,49.93,23.04,79.04,6.55,111.64,2,Watermelon
24.07,44.0,27.67,32.99,46.67,7.26,51.27,2,Moth Beans
112.81,17.17,46.23,24.93,59.71,6.73,72.83,2,Muskmelon
22.94,107.21,158.68,16.51,55.91,5.93,98.16,1,Apple
26.42,58.49,24.07,20.01,65.57,6.54,80.13,2,Black Gram
95.37,85.53,56.45,29.78,91.26,6.53,128.15,0,Banana
27.21,50.27,26.11,26.67,61.2,6.64,81.28,2,Black Gram
103.69,14.44,48.6,26.34,85.42,6.66,97.99,2,Watermelon
23.74,52.38,16.04,21.4,61.51,5.75,87.09,2,Kidney Beans
24.45,65.23,17.86,27.37,69.15,6.19,96.52,2,Black Gram
12.32,11.93,22.21,24.98,70.73,6.71,103.02,2,Orange
87.08,17.43,61.03,27.45,69.74,7.23,97.93,2,Muskmelon
25.49,46.06,24.36,26.32,64.21,5.78,82.07,2,Mung Beans
46.82,75.56,40.26,20.46,46.42,7.1,56.31,1,Chickpea
25.75,30.27,34.62,24.92,48.9,6.25,79.27,2,Mango
75.79,39.35,43.29,26.71,84.41,5.64,231.3,0,Rice
69.49,15.79,51.16,24.35,74.26,6.79,102.0,2,Muskmelon
87.74,16.49,51.59,23.6,63.69,7.44,61.37,2,Muskmelon
38.43,77.35,37.99,18.56,60.12,5.94,64.13,2,Chickpea
106.97,84.75,41.41,29.43,70.6,6.3,142.22,0,Banana
17.62,56.81,26.05,27.45,61.06,6.63,75.11,2,Black Gram
30.57,55.78,28.13,31.4,64.42,6.11,103.93,2,Pigeon Peas
121.16,39.98,20.94,28.06,71.66,6.46,80.06,2,Cotton
104.46,39.65,27.24,24.32,59.07,6.33,81.25,2,Cotton
24.94,29.46,29.21,24.15,55.89,5.29,109.85,2,Mango
22.13,23.56,40.18,24.27,62.11,6.15,87.96,2,Pomegranate
85.72,25.11,44.94,29.95,71.29,6.15,90.91,2,Muskmelon
18.26,25.15,34.25,21.78,60.26,6.24,88.08,2,Grapes
59.05,37.39,33.32,25.1,76.88,6.5,96.08,2,Maize
22.57,31.88,31.97,28.5,72.64,6.57,87.1,2,Mango
17.61,20.6,31.62,25.05,44.8,6.88,78.39,2,Pomegranate
99.53,41.89,17.67,29.37,62.87,6.62,95.05,2,Cotton
93.85,28.87,53.83,27.43,69.16,5.87,74.48,2,Muskmelon
87.58,42.66,39.43,29.69,99.98,6.78,137.08,0,Jute
10.41,42.66,32.56,30.96,37.05,7.25,60.8,2,Moth Beans
30.15,58.88,26.92,25.57,68.83,6.77,91.43,2,Black Gram
28.19,59.86,19.12,28.26,45.96,6.43,92.09,2,Pigeon Peas
103.22,16.49,42.69,28.74,51.46,6.72,84.25,2,Muskmelon
81.55,48.74,38.93,28.21,76.56,7.08,185.14,0,Rice
25.86,22.73,41.06,21.5,49.45,6.74,67.49,1,Pomegranate
12.65,18.37,6.33,26.28,67.33,7.15,137.82,2,Orange
91.93,47.63,55.99,27.93,86.34,6.64,193.34,0,Rice
29.08,64.91,23.35,26.3,75.3,7.0,93.47,2,Black Gram
24.68,41.96,16.93,27.29,66.95,5.97,58.55,2,Mung Beans
29.57,31.87,33.6,26.12,71.36,6.34,91.28,2,Mango
68.96,13.57,27.0,26.39,66.43,6.17,143.16,2,Coffee
22.66,50.2,21.94,26.11,69.8,6.25,93.84,2,Black Gram
75.71,38.43,38.41,32.7,93.34,7.12,126.4,0,Jute
86.77,81.04,55.98,22.64,75.51,6.77,101.28,2,Banana
23.25,52.64,26.82,28.09,61.16,6.26,64.34,2,Black Gram
23.28,45.98,28.17,28.86,37.43,7.09,84.2,2,Moth Beans
126.77,20.68,52.42,26.72,70.0,7.06,82.93,2,Muskmelon
19.59,19.91,14.78,23.45,75.36,6.33,115.82,2,Orange
24.02,40.43,21.94,21.0,49.29,6.56,76.76,1,Lentil
21.47,44.13,27.85,25.67,70.58,6.43,127.97,0,Black Gram
83.71,38.3,35.95,28.1,85.52,6.76,185.65,0,Rice
119.45,81.61,57.23,28.29,75.52,5.59,69.73,2,Banana
14.35,65.95,14.28,21.29,62.52,6.35,102.74,2,Kidney Beans
37.48,88.39,28.04,17.95,59.94,7.56,59.58,1,Chickpea
79.16,38.17,39.4,28.13,94.91,6.92,231.02,0,Rice
17.05,27.03,36.31,23.63,52.14,6.61,53.29,2,Pomegranate
25.19,122.4,205,16.39,62.58,5.37,118.17,2,Apple
26.7,49.69,28.4,32.04,65.01,6.74,71.0,2,Mung Beans
23.48,58.92,20.71,21.97,54.41,6.3,69.5,1,Lentil
12.99,31.22,38.8,22.56,74.74,6.87,90.62,2,Grapes
21.31,39.92,27.85,27.77,33.41,7.22,48.36,2,Moth Beans
73.19,47.25,45.73,27.96,83.83,6.58,232.54,0,Rice
24.62,23.34,33.5,26.97,70.94,7.15,86.01,2,Mango
75.94,52.3,44.52,27.57,92.24,6.62,192.01,0,Jute
94.83,45.82,44.46,28.0,74.84,5.86,170.91,0,Rice
103.15,70.45,43.44,29.62,75.57,5.78,89.63,2,Banana
32.32,28.65,30.98,26.94,72.37,6.31,74.28,2,Mango
24.98,23.32,37.07,25.06,48.38,6.37,64.82,2,Pomegranate
108.22,18.58,44.01,25.93,71.69,5.61,100.94,0,Muskmelon
117.74,20.12,54.99,25.03,65.06,6.63,93.75,2,Muskmelon
92.01,21.94,19.89,25.85,83.82,6.52,145.62,0,Coffee
83.82,49.16,32.83,25.42,57.19,6.43,89.89,2,Maize
67.94,38.0,34.3,30.06,86.04,5.8,117.18,0,Jute
72.05,39.57,35.65,26.3,64.3,7.02,79.12,2,Maize
55.79,47.26,53.36,24.45,66.45,6.01,105.56,2,Papaya
28.32,27.01,34.6,23.15,81.28,6.51,79.12,2,Grapes
18.85,145,202.54,16.36,59.49,6.23,104.65,1,Apple
81.16,16.73,50.74,24.25,54.62,5.83,90.89,2,Muskmelon
37.59,53.4,30.31,18.14,53.26,7.08,77.45,1,Chickpea
130.8,18.24,44.68,27.27,70.56,6.15,108.85,0,Watermelon
29.92,22.12,31.91,27.33,78.73,5.59,142.17,0,Coconut
102.94,49.2,21.56,25.27,55.72,6.66,78.18,2,Cotton
94.38,12.29,51.28,26.15,80.22,5.96,100.18,0,Watermelon
29.61,48.36,27.16,27.82,68.49,6.51,78.44,2,Mung Beans
17.1,41.33,24.86,27.45,29.89,6.9,62.28,2,Moth Beans
28.62,56.46,11.59,24.21,67.8,6.08,100.24,2,Mung Beans
26.5,22.53,26.99,27.03,84.23,5.76,145.19,0,Coconut
112.75,54.22,51.06,28.55,76.5,6.69,140.32,0,Banana
24.05,34.6,27.41,24.06,73.84,7.21,43.54,2,Grapes
67.53,43.68,36.88,24.03,78.24,6.3,69.81,2,Maize
83.34,37.69,39.22,28.63,69.32,6.31,110.13,2,Maize
98.1,39.0,15.81,29.27,72.01,7.03,83.96,2,Cotton
54.17,44.51,34.28,27.81,47.92,5.44,91.51,2,Maize
91.65,43.59,39.58,27.15,78.42,5.91,241.4,0,Rice
56.58,68.08,57.18,31.12,89.47,6.49,97.91,2,Papaya
62.21,46.13,30.04,28.02,75.24,6.43,98.5,2,Maize
17.84,72.85,23.56,20.69,68.79,6.01,115.4,2,Kidney Beans
21.27,51.59,35.02,23.32,51.71,7.01,103.24,2,Pigeon Peas
105.37,46.14,21.63,25.69,54.78,6.74,95.31,2,Cotton
38.77,55.15,26.6,20.57,46.25,7.48,94.59,1,Chickpea
14.97,73.85,20.79,14.55,65.16,5.92,110.66,2,Kidney Beans
25.12,12.51,19.27,23.24,83.12,6.61,118.71,2,Orange
11.83,75.66,16.7,23.22,78.34,7.04,97.14,2,Kidney Beans
33.36,60.66,33.34,14.91,58.71,6.36,74.82,1,Chickpea
91.5,21.77,26.97,20.73,76.21,6.0,110.22,2,Coffee
27.42,141.81,199.36,21.08,72.82,5.85,122.43,2,Apple
94.88,47.51,30.61,27.92,91.79,7.46,216.85,0,Rice
25.09,47.7,25.71,16.58,50.74,6.06,54.45,1,Lentil
46.03,70.04,36.66,17.74,47.29,6.46,80.94,1,Chickpea
23.37,17.04,10.98,21.18,77.3,6.72,112.98,2,Orange
100.11,83.79,45.65,28.07,79.96,6.67,111.62,0,Banana
27.48,63.79,14.6,22.17,72.26,5.9,111.58,2,Kidney Beans
25.17,60.7,27.64,27.34,70.61,6.53,92.77,2,Black Gram
93.84,14.11,42.19,27.75,79.46,6.43,105.22,0,Watermelon
26.99,56.33,31.95,19.79,44.57,6.6,67.94,1,Lentil
27.65,36.91,28.27,32.03,54.95,6.38,100.62,2,Mung Beans
35.43,28.17,32.28,29.7,68.79,7.02,92.16,2,Mango
29.85,14.68,12.99,23.05,71.46,5.89,111.54,2,Orange
23.7,14.68,26.83,23.26,85.84,5.93,195.5,2,Coconut
99.49,26.0,40.02,28.7,66.29,6.03,99.92,2,Muskmelon
19.27,41.97,27.01,31.6,60.43,7.33,50.09,2,Moth Beans
106.27,28.37,25.45,26.19,75.55,5.98,126.68,0,Coffee
21.61,67.67,20.35,20.64,56.93,5.63,87.22,1,Kidney Beans
20.44,23.8,28.43,24.16,57.29,7.78,122.71,2,Mango
36.95,44.8,30.27,30.03,60.55,6.44,71.05,2,Mung Beans
114.94,14.92,49.82,26.98,81.5,6.02,129.05,0,Watermelon
22.53,14.54,15.63,25.41,81.78,6.87,100.5,0,Orange
107.88,86.31,50.13,30.5,84.48,6.93,124.67,0,Banana
26.12,9.33,9.79,23.01,70.98,7.08,101.96,2,Orange
112.2,41.82,19.11,26.76,62.89,7.42,104.95,2,Cotton
133.19,77.39,52.03,26.59,76.11,6.13,107.12,0,Banana
27.13,56.05,26.14,31.0,64.23,6.24,82.18,2,Black Gram
61.32,40.28,41.12,27.52,84.29,5.95,179.18,0,Jute
21.75,16.89,32.34,30.28,86.72,5.73,183.58,0,Coconut
121.85,41.85,20.68,27.96,62.53,6.23,79.94,2,Cotton
22.42,24.92,34.38,24.31,70.5,5.82,68.07,2,Grapes
28.4,26.36,32.76,28.73,91.98,5.86,162.85,0,Coconut
34.37,58.67,23.73,26.85,55.3,6.58,85.57,2,Pigeon Peas
24.38,57.64,30.11,21.25,50.85,6.57,45.46,1,Lentil
26.68,56.45,28.28,18.69,57.73,6.33,58.41,1,Lentil
23.76,46.99,20.2,31.19,44.03,6.56,42.1,2,Moth Beans
96.98,22.74,43.67,28.45,60.47,6.9,75.53,2,Muskmelon
26.38,67.52,29.82,13.95,40.93,6.57,59.11,1,Lentil
32.32,14.64,28.26,26.66,79.41,5.6,225.51,0,Coconut
11.57,9.78,15.26,20.62,66.48,5.38,92.2,2,Orange
79.68,34.39,30.39,25.67,72.42,6.26,84.93,2,Maize
68.68,45.38,31.88,28.19,78.59,6.18,117.96,0,Jute
52.94,69.83,48.83,22.5,72.89,6.46,88.72,2,Papaya
27.63,61.76,37.05,26.08,67.29,5.95,113.98,2,Mung Beans
79.95,49.72,33.58,23.52,76.34,5.59,126.83,2,Maize
34.27,63.54,36.95,21.59,52.06,6.26,65.13,1,Chickpea
17.44,19.51,8.83,25.73,67.19,6.52,118.3,2,Orange
18.07,107.59,205,20.94,63.44,6.19,102.59,2,Apple
69.19,11.34,47.76,24.84,69.89,6.49,107.3,2,Watermelon
24.95,44.92,24.14,30.12,64.75,6.7,141.76,2,Pigeon Peas
33.65,60.89,31.81,21.19,62.83,5.79,66.95,2,Chickpea
64.79,48.75,26.75,27.09,81.22,6.66,159.77,0,Jute
92.55,65.41,49.86,27.96,80.84,6.3,125.11,0,Banana
22.19,13.24,23.33,21.09,72.43,6.84,118.86,2,Orange
16.7,32.2,38.55,25.96,68.07,6.31,71.09,2,Grapes
11.65,50.81,23.93,27.16,47.27,7.22,60.77,2,Moth Beans
83.52,51.03,36.73,25.11,77.13,7.1,109.91,0,Maize
92.36,80.35,42.95,31.62,72.06,6.49,84.6,2,Banana
39.41,67.32,28.46,21.89,51.73,6.56,81.71,1,Chickpea
50.64,45.24,33.3,29.84,64.9,6.04,86.34,2,Maize
24.99,34.83,25.9,26.85,38.33,6.94,70.65,2,Moth Beans
16.28,19.64,32.19,28.44,83.0,6.01,218.22,0,Coconut
26.55,27.66,35.52,23.47,55.55,6.64,60.18,2,Grapes
86.89,13.87,53.6,27.84,67.22,6.67,99.04,2,Watermelon
29.75,13.5,19.01,23.91,74.71,6.86,95.49,2,Orange
20.76,46.86,20.85,29.93,42.01,6.95,61.12,2,Moth Beans
17.9,20.98,37.48,24.94,45.47,6.65,66.41,2,Pomegranate
19.99,132.63,172.59,18.96,66.03,6.01,111.95,2,Apple
88.31,46.04,39.68,29.51,93.48,6.47,195.08,0,Jute
52.63,61.91,53.61,24.71,68.7,6.62,95.89,2,Papaya
24.83,49.06,25.09,30.64,56.3,6.21,66.73,2,Moth Beans
28.98,20.7,25.25,26.86,86.76,5.9,177.07,0,Coconut
78.95,45.06,31.77,29.81,86.57,7.01,267.49,0,Rice
17.79,70.59,19.34,19.87,71.07,6.22,77.88,2,Kidney Beans
140,38.16,20.32,26.98,71.11,7.47,103.37,0,Cotton
90.37,40.04,37.17,26.01,94.67,6.82,164.17,0,Jute
25.36,18.35,25.22,30.84,87.33,6.15,214.51,0,Coconut
48.92,54.09,33.84,22.15,57.34,6.46,65.27,2,Chickpea
26.17,52.77,24.32,32.52,42.85,6.86,52.54,2,Moth Beans
23.1,21.06,28.33,27.14,51.73,6.22,61.38,2,Pomegranate
86.44,46.01,36.23,27.28,85.51,6.49,203.71,0,Rice
11.73,35.69,28.64,28.23,62.59,6.22,107.81,2,Mango
17.53,21.04,40.04,30.19,50.02,6.63,59.69,2,Pomegranate
96.61,20.4,32.36,19.37,70.12,6.42,137.82,2,Coffee
22.85,27.1,22.43,30.41,60.04,5.98,78.53,2,Mango
19.88,18.16,31.08,23.96,57.14,6.41,77.92,2,Pomegranate
66.68,52.28,32.59,31.15,73.44,5.78,87.49,2,Maize
76.33,44.46,49.13,27.98,97.69,6.3,210.52,0,Rice
18.53,69.48,23.85,17.73,69.81,6.3,97.74,2,Kidney Beans
64.02,40.8,45.08,25.06,81.44,6.53,170.04,0,Rice
31.91,50.45,25.73,30.59,67.66,6.58,85.13,2,Mung Beans
12.67,145,201.25,16.39,68.71,6.8,119.53,2,Apple
15.64,22.61,27.55,22.62,72.22,6.24,67.22,2,Grapes
22.97,23.75,36.7,25.32,64.0,6.07,73.8,2,Grapes
103.14,80.44,59.38,29.81,75.08,6.42,96.96,2,Banana
23.76,62.87,27.33,19.77,68.82,5.86,44.82,2,Lentil
9.64,12.13,10.82,25.8,64.68,6.73,123.44,2,Orange
31.29,41.84,31.13,28.29,70.86,6.82,88.13,2,Mung Beans
51.93,49.45,57.66,26.46,91.72,6.66,127.47,0,Papaya
19.71,25.98,31.61,19.92,69.14,6.45,70.05,2,Grapes
31.13,73.43,49.09,23.09,84.63,6.74,102.3,2,Papaya
38.74,62.69,19.95,24.62,59.23,6.91,120.84,2,Pigeon Peas
25.83,48.61,24.3,27.67,70.28,6.4,75.38,2,Black Gram
84.5,49.3,33.63,23.22,78.67,6.56,79.4,2,Maize
12.6,52.22,24.02,20.4,75.9,6.53,101.02,2,Kidney Beans
77.53,37.84,37.76,25.11,72.86,6.45,97.4,2,Maize
68.33,49.68,32.21,27.17,60.54,6.08,115.35,2,Maize
86.47,17.02,53.85,25.35,74.57,6.58,95.74,2,Muskmelon
22.7,16.34,31.65,27.78,84.92,6.24,214.61,0,Coconut
78.18,45.9,38.2,28.55,67.44,5.98,90.91,2,Maize
29.26,61.36,22.85,19.77,50.96,6.43,49.09,1,Lentil
26.71,54.74,25.3,24.9,70.99,7.26,78.51,2,Mung Beans
105.66,64.25,48.85,25.59,81.58,5.82,131.75,0,Banana
73.62,50.15,33.07,28.07,83.77,6.36,221.71,0,Rice
23.3,9.89,33.14,29.21,73.66,5.05,178.66,0,Coconut
37.17,72.93,34.65,21.65,59.76,6.71,59.16,1,Chickpea
23.82,79.25,10.94,19.58,62.17,6.77,93.9,2,Kidney Beans
92.6,23.72,42.8,25.77,74.22,6.24,156.37,0,Coffee
115.6,78.62,54.06,28.75,83.09,6.53,114.29,0,Banana
90.29,20.46,29.63,24.62,91.9,6.11,149.91,2,Coffee
21.33,44.53,29.06,32.58,71.96,6.63,93.49,2,Mung Beans
13.3,22.49,31.0,27.24,61.49,6.86,76.89,2,Grapes
45.17,61.55,55.09,21.13,67.85,5.9,130.88,2,Papaya
43.59,75.1,38.49,22.37,81.7,6.67,117.26,2,Papaya
86.1,81.9,50.71,23.44,80.9,6.56,102.78,2,Banana
22.36,59.41,25.19,26.23,77.13,6.31,105.0,0,Black Gram
23.14,75.95,15.85,19.84,69.46,6.34,108.37,2,Kidney Beans
79.21,46.1,44.25,26.77,81.64,5.62,189.64,0,Jute
25.75,45.52,25.5,27.56,61.6,6.69,80.41,2,Black Gram
94.2,49.86,40.8,28.24,77.4,5.5,113.21,0,Maize
85.91,19.86,49.35,27.2,76.95,5.61,119.66,0,Watermelon
28.03,66.07,25.89,19.2,58.88,6.73,64.72,1,Lentil
14.96,68.92,24.15,17.61,58.51,6.98,66.03,1,Lentil
30.02,14.86,30.37,24.84,61.04,6.81,64.29,2,Pomegranate
26.85,67.54,26.1,26.03,67.19,5.46,119.9,2,Pigeon Peas
25.38,69.19,31.47,18.28,58.55,6.43,51.62,1,Lentil
42.71,68.02,31.87,20.43,59.46,7.18,73.45,1,Chickpea
97.67,19.06,28.5,20.27,77.14,5.64,176.29,2,Coffee
140,13.08,41.76,27.31,71.06,6.12,98.21,2,Watermelon
42.74,63.8,38.62,20.23,61.22,7.06,54.67,2,Chickpea
76.56,69.41,45.93,29.4,73.74,5.76,114.52,0,Banana
28.65,66.07,28.79,27.21,66.58,5.54,111.66,2,Pigeon Peas
27.61,23.33,28.33,25.72,61.87,6.88,89.53,2,Pomegranate
26.76,50.09,25.48,26.41,70.14,6.08,75.53,2,Mung Beans
140,52.9,23.83,29.75,64.81,6.6,93.2,2,Cotton
21.82,23.35,26.23,23.8,71.71,6.01,86.9,2,Mango
30.75,60.82,27.51,18.06,63.61,6.85,61.49,2,Lentil
73.47,46.02,39.68,26.85,72.02,7.75,97.46,2,Maize
123.72,16.13,52.55,26.53,58.68,6.7,92.28,2,Muskmelon
22.03,57.88,23.89,21.86,57.64,5.69,92.11,1,Kidney Beans
27.38,48.11,16.47,24.89,58.3,7.03,74.51,2,Black Gram
20.28,72.73,18.46,18.62,55.7,6.54,110.68,1,Kidney Beans
21.62,64.37,18.56,17.47,50.55,6.15,47.27,1,Lentil
24.47,58.53,21.77,26.19,52.33,6.14,117.53,2,Pigeon Peas
107.91,23.55,41.46,31.68,72.58,7.04,85.8,2,Muskmelon
74.11,41.27,40.3,27.38,83.42,5.55,260.07,0,Rice
16.87,22.04,36.22,19.21,53.1,6.87,54.42,1,Pomegranate
88.61,77.3,42.5,29.25,85.91,6.1,113.18,0,Banana
91.16,12.69,57.08,26.4,70.73,6.58,114.36,0,Watermelon
21.0,63.62,27.15,29.51,58.84,5.75,96.1,2,Black Gram
105.01,39.78,18.89,24.86,66.8,6.19,101.56,2,Cotton
29.96,29.31,32.13,29.06,53.6,6.48,91.62,2,Mango
29.05,55.16,26.27,24.21,54.16,6.44,122.83,2,Pigeon Peas
41.92,54.77,53.68,24.98,81.27,6.45,89.96,2,Papaya
22.09,72.86,16.14,19.24,71.45,6.07,116.89,2,Kidney Beans
104.21,12.0,56.01,23.3,73.27,6.41,106.1,2,Watermelon
21.18,10.16,17.33,18.94,88.49,7.03,69.99,2,Orange
67.44,40.17,29.23,29.14,87.4,6.03,154.17,0,Jute
63.96,40.97,36.19,26.03,66.56,5.97,105.22,2,Maize
39.24,62.39,37.65,21.27,48.15,6.8,82.95,1,Chickpea
114.46,13.85,31.17,26.78,81.22,5.53,97.32,2,Coffee
23.2,26.86,40.84,20.16,69.61,6.81,84.52,2,Grapes
114.6,23.23,51.65,25.03,68.33,7.11,93.01,2,Muskmelon
18.28,17.7,10.9,21.95,80.66,6.73,108.49,2,Orange
120.36,19.59,30.88,23.48,91.56,6.09,148.79,2,Coffee
80.66,72.53,56.68,28.92,87.06,5.43,109.53,0,Banana
23.26,55.18,22.54,33.86,58.16,6.28,102.0,2,Pigeon Peas
26.45,45.53,21.46,32.65,54.1,6.01,107.08,2,Pigeon Peas
30.14,22.94,24.18,24.85,83.05,6.34,175.91,2,Coconut
95.19,62.7,51.37,25.42,74.61,6.03,131.79,0,Banana
17.39,56.17,29.07,29.78,84.97,6.37,92.72,2,Black Gram
28.91,63.86,25.35,15.27,57.3,7.26,51.42,1,Lentil
113.81,23.65,47.97,28.56,73.38,6.95,75.93,2,Muskmelon
17.36,52.87,30.26,30.49,74.99,6.24,88.18,2,Mung Beans
21.4,59.18,25.81,21.36,62.52,5.92,86.38,2,Kidney Beans
21.74,24.82,36.46,21.9,50.26,5.61,72.11,1,Pomegranate
24.24,24.87,41.57,24.45,69.3,6.94,72.63,2,Grapes
83.81,54.8,36.03,28.46,83.41,6.19,219.44,0,Rice
77.02,43.08,31.91,25.47,59.9,7.06,83.08,2,Maize
79.27,68.59,52.06,29.48,89.2,5.77,81.8,2,Banana
30.28,50.75,21.3,30.3,49.36,6.78,72.9,2,Moth Beans
57.07,49.92,52.78,26.53,84.83,7.23,121.43,0,Papaya
52.08,67.87,43.54,27.02,63.66,6.53,106.91,2,Papaya
93.92,87.16,53.64,24.94,78.32,6.9,184.6,2,Banana
14.14,19.13,35.61,27.74,45.3,6.97,65.67,2,Pomegranate
38.26,67.95,41.37,30.19,68.6,6.72,98.31,2,Papaya
29.31,60.3,25.69,27.98,37.65,7.37,45.38,2,Moth Beans
131.82,24.62,24.01,24.89,90.04,6.67,150.21,2,Coffee
29.6,50.57,17.18,28.56,66.52,7.48,71.35,2,Mung Beans
20.88,55.9,27.81,27.29,68.53,6.53,100.73,2,Mung Beans
64.25,29.6,39.35,27.49,86.64,6.51,157.29,0,Jute
94.33,49.89,44.3,26.78,84.87,6.25,146.82,0,Jute
71.39,42.46,42.4,27.45,98.35,6.13,167.03,0,Rice
117.13,92.17,49.64,28.88,79.92,6.81,138.85,0,Banana
16.15,68.34,14.48,21.76,64.62,6.18,87.65,2,Kidney Beans
105.04,66.49,51.33,28.26,85.15,5.62,112.12,0,Banana
118.38,48.85,16.75,24.97,65.84,6.85,118.59,2,Cotton
87.13,46.26,26.8,24.51,68.02,6.68,71.97,2,Cotton
10.46,16.3,32.1,20.63,42.19,6.07,82.06,1,Pomegranate
22.61,19.95,30.95,28.67,89.95,5.9,138.09,0,Coconut
21.16,145,205,16.95,62.44,6.71,103.78,2,Apple
65.33,44.34,34.89,28.59,85.35,6.75,157.9,0,Jute
24.81,12.01,15.16,22.88,80.84,5.76,119.89,2,Orange
95.36,44.53,37.14,29.43,88.27,7.15,190.38,0,Jute
19.44,60.37,25.5,26.61,69.02,7.04,83.83,2,Mung Beans
24.33,132.86,200.82,18.41,58.85,6.15,94.43,1,Apple
29.69,52.64,27.73,29.11,62.68,6.4,137.73,2,Pigeon Peas
20.5,145,129.44,21.33,66.85,6.16,107.16,2,Apple
91.11,38.81,28.31,27.34,80.07,6.63,147.12,0,Jute
21.84,18.4,29.55,27.44,74.04,6.44,166.06,0,Coconut
23.33,13.39,18.44,26.6,83.96,7.24,103.09,0,Orange
31.35,64.0,21.08,30.23,54.32,5.73,108.33,2,Pigeon Peas
28.32,58.74,24.91,16.43,51.68,6.78,52.18,1,Lentil
12.83,39.31,26.09,28.74,42.05,6.7,58.67,2,Moth Beans
14.96,50.75,22.24,29.68,70.04,6.48,82.62,2,Black Gram
31.22,34.93,26.73,27.04,75.67,6.38,71.86,2,Mango
25.4,51.56,28.21,28.3,41.23,7.3,54.7,2,Moth Beans
22.32,43.85,24.29,23.4,60.78,6.75,75.46,2,Mung Beans
44.71,72.04,42.4,23.86,72.96,5.87,58.99,2,Papaya
41.89,66.21,30.51,20.94,57.72,7.09,63.6,1,Chickpea
49.02,34.09,33.37,30.35,75.92,6.4,165.09,0,Rice
36.17,57.87,25.81,28.48,53.94,6.12,100.87,2,Black Gram
28.96,18.91,26.8,26.85,88.1,5.46,195.65,0,Coconut
21.97,19.42,30.29,30.72,56.28,6.64,70.89,2,Pomegranate
69.6,47.26,35.62,27.92,89.62,5.82,260.17,0,Rice
28.17,54.34,29.85,29.03,70.41,6.16,114.49,0,Pigeon Peas
96.97,46.31,43.52,29.84,88.5,6.64,206.37,0,Rice
21.04,15.82,17.4,23.36,76.44,6.57,100.58,2,Orange
121.07,33.26,19.4,26.98,70.53,6.45,101.05,0,Cotton
74.47,43.99,43.69,28.94,96.26,6.48,141.86,0,Jute
27.79,54.06,27.07,26.4,59.73,5.96,87.21,2,Black Gram
18.59,31.46,33.23,24.05,60.97,6.48,78.65,2,Grapes
14.22,17.02,31.65,21.35,43.95,6.55,59.18,1,Pomegranate
25.94,32.09,24.83,26.64,70.16,6.08,106.73,0,Mango
21.62,128.01,155.39,17.37,67.25,6.03,103.27,2,Apple
27.44,24.95,33.6,28.54,77.4,6.11,226.34,0,Coconut
26.26,52.01,31.96,26.62,70.59,6.83,125.63,0,Pigeon Peas
23.23,56.7,24.48,30.45,72.98,5.91,74.8,2,Black Gram
33.16,59.5,30.69,25.34,67.92,6.56,75.42,2,Black Gram
67.98,38.83,44.27,26.05,72.46,6.77,164.92,0,Jute
115.61,45.05,25.04,29.67,62.04,6.1,94.89,2,Cotton
65.57,16.93,49.77,27.64,78.12,6.62,81.59,2,Muskmelon
27.8,69.16,28.49,25.81,64.18,6.45,64.74,2,Mung Beans
27.97,19.88,26.46,25.79,78.32,5.68,173.72,0,Coconut
85.92,16.83,48.8,27.28,58.6,5.79,77.86,2,Watermelon
113.06,19.32,48.44,26.07,64.02,6.59,105.77,2,Muskmelon
46.86,58.9,47.99,25.44,66.08,7.19,92.14,2,Papaya
87.35,41.35,31.62,26.0,83.52,6.44,114.04,0,Maize
91.16,22.37,28.63,23.19,73.47,6.16,134.7,2,Coffee
62.18,17.93,51.3,25.25,83.08,6.1,93.37,2,Watermelon
77.08,30.33,35.62,21.71,76.7,6.14,179.3,2,Coffee
21.46,62.56,29.72,17.09,58.4,5.74,69.86,1,Lentil
25.53,72.68,21.65,17.77,68.83,6.3,105.31,2,Kidney Beans
46.35,55.03,55.15,22.71,73.39,6.4,103.89,2,Papaya
21.49,48.67,19.58,28.54,59.52,6.89,84.58,2,Mung Beans
21.09,65.97,20.23,18.18,63.65,6.55,108.15,2,Kidney Beans
26.43,78.82,26.34,21.2,69.7,5.71,102.83,2,Kidney Beans
25.17,31.61,29.46,25.12,64.07,6.17,94.56,2,Mango
96.81,11.1,57.85,29.13,79.02,5.96,107.23,0,Watermelon
22.79,21.44,29.56,28.39,80.36,6.24,212.75,0,Coconut
27.53,54.32,24.88,28.2,61.53,6.07,81.87,2,Black Gram
89.85,91.68,66.66,27.44,82.08,6.42,121.67,0,Banana
12.68,47.76,26.46,31.3,39.84,7.24,46.79,2,Moth Beans
16.44,126.1,149.54,13.48,51.27,4.94,96.35,1,Apple
18.4,41.84,25.0,28.7,43.79,7.33,67.34,2,Moth Beans
11.75,22.99,32.65,28.11,62.03,6.99,76.21,2,Pomegranate
20.92,113.51,192.58,21.93,67.18,5.52,91.03,2,Apple
30.34,53.85,26.45,26.45,51.27,6.52,114.32,2,Pigeon Peas
15.32,41.12,26.55,31.01,53.9,7.3,61.39,2,Moth Beans
26.29,47.98,28.27,27.56,63.51,7.0,74.42,2,Mung Beans
18.15,12.88,15.43,23.05,74.93,6.5,131.02,2,Orange
46.25,55.37,45.11,24.4,74.87,5.82,89.51,2,Papaya
17.53,50.36,22.48,31.12,55.85,7.21,55.61,2,Moth Beans
46.06,67.96,43.41,24.77,68.07,6.85,104.0,2,Papaya
114.98,22.69,43.6,26.74,85.2,6.67,78.81,2,Watermelon
19.73,21.53,33.45,23.89,62.85,6.64,74.07,2,Pomegranate
101.65,16.55,52.08,26.86,79.87,6.23,104.04,0,Watermelon
24.9,48.44,18.34,28.92,45.32,6.33,62.11,2,Mung Beans
19.01,36.87,20.23,30.76,42.02,6.66,58.31,2,Moth Beans
24.17,47.25,26.45,26.83,70.35,6.27,73.76,2,Mung Beans
114.52,40.2,12.35,25.98,68.82,6.49,94.72,2,Cotton
27.73,57.66,27.28,31.16,58.02,5.48,108.72,2,Pigeon Peas
108.97,75.01,58.76,27.25,80.21,6.77,123.37,0,Banana
41.36,62.19,32.47,20.06,66.73,6.63,66.9,2,Chickpea
77.77,18.79,35.75,23.01,74.88,5.27,126.46,2,Coffee
50.7,61.82,61.25,27.49,85.88,6.62,89.53,2,Papaya
31.64,48.21,32.45,30.4,60.44,6.74,82.92,2,Mung Beans
21.21,43.42,26.71,28.22,60.84,6.82,68.9,2,Pigeon Peas
20.93,20.14,36.13,24.78,65.93,5.15,83.34,2,Pomegranate
17.65,17.2,19.65,22.12,72.73,6.65,121.83,2,Orange
26.83,39.81,18.73,31.08,64.81,7.1,86.33,2,Mung Beans
90.6,73.3,54.02,23.1,68.74,6.2,125.53,2,Banana
18.27,57.58,21.89,16.67,45.18,6.99,61.16,1,Lentil
97.16,76.99,40.01,27.8,74.88,5.78,99.89,2,Banana
15.1,11.79,17.18,23.78,76.23,6.36,126.46,2,Orange
77.74,38.64,44.97,23.82,74.77,6.96,98.36,2,Maize
6.23,122.32,205,20.85,73.27,6.09,107.57,2,Apple
126.07,78.46,43.87,27.46,86.52,5.94,140.12,0,Banana
30.8,70.26,21.92,22.51,74.16,6.31,109.08,2,Pigeon Peas
119.56,40.11,13.05,27.96,61.91,6.09,76.73,2,Cotton
25.59,61.26,18.39,28.01,67.73,6.81,97.31,2,Pigeon Peas
98.8,38.32,33.21,27.38,74.78,6.38,122.56,0,Rice
25.91,16.01,19.51,20.37,71.1,6.64,103.85,2,Orange
19.99,11.51,19.21,28.95,77.03,6.1,109.73,0,Orange
75.75,49.76,35.63,26.64,69.56,5.75,99.54,2,Maize
80.89,36.29,44.98,25.86,97.46,6.46,168.38,0,Jute
73.19,46.73,36.85,28.33,86.23,6.64,145.91,0,Jute
22.82,135.05,205,16.75,64.5,6.16,101.89,2,Apple
14.75,18.58,19.25,25.98,74.94,6.38,70.45,2,Orange
85.9,17.86,28.11,23.65,79.38,5.68,149.23,2,Coffee
24.11,145,193.07,20.59,61.5,6.83,85.33,2,Apple
53.65,53.58,44.42,28.85,79.54,7.4,81.24,2,Papaya
13.9,127.16,202.75,21.0,66.1,6.24,118.44,2,Apple
23.81,17.99,38.32,29.32,59.15,6.47,75.98,2,Pomegranate
20.75,39.91,26.15,33.73,44.39,6.63,49.51,2,Moth Beans
24.04,41.22,30.58,25.9,43.24,7.18,53.94,2,Moth Beans
19.24,16.22,8.32,23.59,83.04,6.26,128.36,2,Orange
124.88,96.6,60.92,28.24,83.22,5.85,96.07,2,Banana
135.7,21.54,29.04,23.53,78.29,5.85,143.99,2,Coffee
15.82,35.34,30.41,22.85,68.11,6.36,67.35,2,Grapes
9.06,23.24,35.17,20.13,52.26,6.35,59.14,1,Pomegranate
19.39,10.46,11.56,22.07,82.3,6.69,105.05,2,Orange
89.1,70.36,51.25,28.65,74.24,5.99,127.63,0,Banana
30.02,59.78,23.66,21.1,51.47,6.67,52.41,1,Lentil
19.8,57.08,25.28,18.03,53.61,7.62,59.71,1,Lentil
51.01,64.59,54.16,30.21,69.76,5.97,115.32,2,Papaya
97.55,15.91,35.57,23.06,81.52,6.42,153.15,2,Coffee
107.15,25.27,26.79,21.07,82.37,6.41,193.12,2,Coffee
19.85,79.67,24.98,22.13,59.9,5.87,86.2,2,Kidney Beans
122.21,21.9,27.47,24.1,87.77,5.56,155.51,2,Coffee
24.38,47.34,23.22,27.99,57.75,7.01,90.54,2,Mung Beans
98.11,20.49,31.57,24.06,89.03,6.37,112.5,2,Coffee
88.59,12.44,50.27,24.75,66.61,6.13,105.01,2,Muskmelon
87.45,13.24,44.44,25.26,72.75,6.38,97.69,2,Muskmelon
19.94,41.88,21.53,30.5,46.99,7.08,63.15,2,Moth Beans
44.96,61.15,30.37,21.46,55.71,6.75,68.34,1,Chickpea
106.34,90.13,52.42,27.33,84.06,6.09,151.42,0,Banana
51.16,60.06,51.23,22.8,66.35,6.01,109.71,2,Papaya
23.76,40.06,23.01,30.6,51.54,7.29,58.09,2,Moth Beans
14.64,47.87,25.87,25.61,54.9,6.18,92.11,2,Black Gram
102.91,23.35,30.29,22.1,89.11,5.4,133.49,2,Coffee
86.81,34.73,42.65,27.1,82.01,6.71,211.72,0,Rice
16.41,132.37,202.57,17.0,61.89,5.93,120.16,2,Apple
86.98,9.1,51.43,27.77,71.99,7.68,106.54,0,Watermelon
84.31,54.73,33.37,26.38,66.38,6.3,121.48,2,Maize
13.51,17.77,6.8,20.54,89.87,6.71,106.12,2,Orange
102.63,41.03,17.57,25.07,59.66,6.26,74.67,2,Cotton
16.07,38.69,17.15,25.81,56.39,7.39,58.82,2,Moth Beans
85.67,36.08,38.18,28.61,86.49,5.78,204.78,0,Rice
22.04,32.38,31.57,28.21,80.42,6.74,63.39,2,Mango
23.96,23.87,41.24,26.89,82.24,5.84,219.39,0,Coconut
28.88,46.41,25.76,25.07,59.06,6.65,92.62,2,Mung Beans
111.37,13.69,28.95,23.64,71.46,5.77,140.72,2,Coffee
122.59,77.59,54.18,29.18,70.42,7.35,102.13,0,Banana
23.02,21.66,44.03,23.41,63.05,6.86,57.16,2,Pomegranate
30.27,59.48,28.31,32.2,54.81,6.56,108.46,2,Pigeon Peas
27.74,64.24,22.88,26.81,57.77,5.81,121.19,2,Pigeon Peas
96.15,16.99,45.89,31.13,73.81,6.61,95.12,2,Muskmelon
20.99,62.07,29.77,20.86,57.56,6.81,33.18,1,Lentil
82.8,14.14,41.71,28.35,64.28,5.3,100.94,2,Watermelon
20.93,54.71,16.32,19.99,68.25,6.03,66.9,2,Kidney Beans
20.7,49.47,26.0,28.97,63.39,6.73,86.88,2,Black Gram
31.03,25.69,26.64,27.45,93.75,5.74,178.91,0,Coconut
40.1,60.18,45.2,16.05,56.35,6.35,61.9,1,Chickpea
15.88,145,205,15.4,66.76,5.69,77.25,2,Apple
76.5,42.55,30.51,26.72,68.53,6.84,109.98,2,Maize
94.13,43.06,39.69,26.86,89.04,7.14,174.84,0,Jute
26.12,34.95,37.26,24.08,58.99,5.89,65.22,2,Grapes
140,36.97,17.23,24.56,62.0,6.54,77.67,2,Cotton
89.04,22.0,47.82,29.88,62.65,6.36,92.37,2,Muskmelon
88.77,17.81,55.74,28.11,64.86,6.48,84.04,2,Muskmelon
85.09,13.85,58.17,30.87,68.74,7.01,99.21,2,Watermelon
22.55,21.25,31.48,23.11,51.48,6.5,62.3,2,Pomegranate
22.07,10.53,34.71,29.49,85.38,5.92,201.75,0,Coconut
38.29,55.51,44.13,25.47,73.44,6.22,117.06,0,Papaya
116.99,24.38,26.04,25.49,71.32,5.44,173.11,0,Coffee
21.02,61.16,21.5,20.94,61.62,6.8,49.16,2,Lentil
29.52,24.21,36.1,31.05,64.96,7.12,82.77,2,Mango
37.77,65.11,38.87,19.17,71.27,6.47,64.92,2,Chickpea
21.0,52.26,26.25,17.57,52.85,6.88,62.27,1,Lentil
77.9,45.9,41.8,26.88,84.95,7.28,166.77,0,Rice
16.44,52.5,29.97,26.18,46.49,6.16,128.2,2,Pigeon Peas
94.96,10.65,49.7,27.6,79.4,6.62,91.61,2,Watermelon
137.58,41.6,19.36,25.19,78.52,5.74,99.76,2,Cotton
31.93,66.93,27.47,16.84,65.27,6.97,44.34,2,Lentil
131.57,16.7,49.92,30.43,82.91,6.88,95.22,2,Muskmelon
85.0,21.46,49.02,31.38,81.34,6.47,99.38,2,Muskmelon
87.49,78.86,60.0,26.42,81.54,6.61,118.25,0,Banana
78.27,44.07,39.47,29.54,81.11,5.83,209.97,0,Rice
26.46,60.65,34.24,18.87,48.04,6.1,70.74,1,Chickpea
23.12,39.44,29.84,31.17,48.43,7.27,46.68,2,Moth Beans
22.45,55.28,32.48,19.72,56.88,7.59,49.78,1,Lentil
59.3,63.92,54.92,24.62,74.52,5.85,108.09,2,Papaya
98.34,47.22,38.88,26.49,86.88,6.95,178.96,0,Jute
73.48,32.89,14.41,24.31,66.52,6.76,56.85,2,Cotton
105.65,41.16,22.04,25.62,69.36,6.34,83.82,2,Cotton
27.79,64.86,21.13,25.59,73.06,6.72,84.08,2,Black Gram
61.71,52.2,35.78,23.72,90.93,6.02,132.17,2,Jute
35.47,55.54,33.0,27.6,58.81,6.53,71.29,2,Mung Beans
14.18,67.56,19.79,16.12,70.15,5.58,121.63,2,Kidney Beans
25.0,34.57,28.39,27.66,54.95,5.94,96.01,2,Mango
85.27,43.74,43.23,28.33,98.32,7.12,107.75,0,Jute
97.0,22.88,50.45,30.76,65.0,6.88,89.92,2,Muskmelon
42.75,50.81,51.7,28.89,78.19,6.02,100.29,0,Papaya
15.96,46.36,25.98,27.23,58.88,7.14,99.23,2,Mung Beans
23.14,20.57,23.68,31.62,85.87,6.51,198.93,0,Coconut
42.59,64.36,51.79,26.84,84.64,7.51,103.31,0,Papaya
31.68,126.6,205,23.59,60.04,5.76,81.02,2,Apple
19.65,24.73,29.37,26.12,52.95,7.04,105.87,2,Mango
104.08,16.79,48.05,29.49,75.63,6.06,108.1,0,Watermelon
22.26,36.62,18.17,33.85,36.59,6.81,60.65,2,Moth Beans
23.99,16.24,8.05,21.79,69.68,5.54,119.21,2,Orange
76.42,41.1,39.92,26.97,84.96,6.15,107.09,0,Jute
25.31,61.41,19.21,27.6,56.49,7.62,90.7,2,Black Gram
19.31,62.07,22.79,27.2,65.74,6.45,103.22,2,Black Gram
24.28,40.28,30.19,29.61,31.3,6.6,47.42,2,Moth Beans
29.27,67.29,22.88,17.21,61.15,6.89,39.19,2,Lentil
89.45,40.38,44.37,25.94,74.6,6.59,203.91,0,Rice
14.86,27.78,40.55,24.62,61.28,6.71,55.7,2,Grapes
88.77,15.04,49.09,21.09,67.66,6.77,112.9,2,Watermelon
103.76,16.32,34.99,23.04,91.58,6.44,163.41,2,Coffee
9.96,15.08,8.17,21.39,77.37,5.62,120.25,2,Orange
71.36,17.32,58.38,22.26,84.6,6.23,85.97,2,Muskmelon
30.47,59.39,24.15,26.65,68.23,6.67,67.15,2,Black Gram
97.38,44.53,19.05,28.05,56.52,7.54,79.63,2,Cotton
15.61,60.29,20.74,26.0,65.73,6.83,98.28,2,Mung Beans
34.04,49.11,34.82,26.56,54.26,5.9,120.7,2,Pigeon Peas
17.35,19.85,26.72,29.79,88.53,6.24,149.42,0,Coconut
17.59,44.14,22.72,30.22,44.84,7.21,62.73,2,Moth Beans
26.44,19.64,39.65,23.09,45.79,6.37,64.93,2,Pomegranate
96.47,19.37,24.2,20.96,79.14,6.47,135.61,2,Coffee
22.9,24.54,37.97,20.65,71.4,6.09,86.36,2,Grapes
46.75,64.82,55.86,25.84,77.65,6.36,80.55,2,Papaya
81.71,64.73,47.92,25.24,83.14,5.52,111.42,0,Banana
115.48,43.57,19.15,22.69,59.72,6.66,78.88,2,Cotton
29.43,12.73,32.18,29.12,82.23,6.8,180.18,0,Coconut
26.91,26.48,25.68,24.82,57.86,6.57,105.02,2,Mango
18.66,21.2,15.76,23.9,85.74,6.38,125.33,2,Orange
22.23,19.51,30.31,31.03,95.07,6.2,117.96,0,Coconut
74.8,45.08,39.51,23.52,73.16,6.54,112.17,2,Maize
23.41,42.49,28.29,30.72,56.47,5.51,54.22,2,Moth Beans
20.82,19.17,14.84,24.56,72.16,6.14,86.44,2,Orange
78.12,17.56,51.33,29.23,84.05,5.88,100.31,0,Watermelon
127.21,15.58,33.09,18.28,72.61,5.45,165.04,2,Coffee
79.73,40.16,38.89,26.33,81.97,6.73,205.34,0,Rice
20.36,50.46,29.21,32.47,50.72,7.32,55.38,2,Moth Beans
70.4,45.09,39.33,26.58,67.67,6.61,132.21,2,Maize
23.23,20.73,35.23,26.52,50.52,6.96,86.54,2,Pomegranate
135.47,40.51,18.73,28.02,60.38,6.16,86.8,2,Cotton
13.97,26.12,29.07,27.0,80.28,5.78,68.27,2,Grapes
11.99,70.51,12.76,18.25,72.09,6.31,109.97,2,Kidney Beans
90.24,23.16,47.78,26.75,74.48,7.17,106.41,0,Muskmelon
31.79,30.25,36.75,26.69,72.22,6.29,82.56,2,Mango
109.92,16.55,58.8,28.77,76.76,6.4,59.5,2,Muskmelon
89.83,20.32,51.59,23.23,86.23,5.89,112.16,2,Watermelon
17.49,35.08,20.33,27.39,42.21,7.51,59.92,2,Moth Beans
25.5,23.29,21.43,22.22,76.64,6.24,115.76,2,Orange
127.36,40.62,23.79,29.51,64.85,6.93,113.07,2,Cotton
18.58,54.75,15.05,19.05,70.55,6.36,72.76,2,Kidney Beans
123.01,16.3,49.89,26.41,63.29,7.11,97.58,2,Muskmelon
114.61,17.11,27.17,20.64,92.86,6.09,149.62,2,Coffee
111.67,12.18,49.8,22.95,68.14,5.77,82.47,2,Watermelon
85.09,25.25,31.88,25.78,81.29,6.36,176.61,0,Coffee
25.03,139.29,191.22,19.35,81.36,5.75,95.95,2,Apple
30.07,40.68,25.04,29.98,53.12,6.46,78.79,2,Mango
20.56,11.23,14.0,20.42,70.63,6.12,116.59,2,Orange
19.39,59.46,18.8,19.96,68.42,5.74,85.49,2,Kidney Beans
19.72,61.4,16.8,24.18,72.86,6.59,100.16,2,Kidney Beans
48.03,51.85,45.93,20.95,79.85,6.47,82.19,2,Papaya
18.75,19.56,29.37,23.28,53.06,5.98,70.95,2,Pomegranate
27.05,25.22,28.2,29.69,84.77,6.23,178.56,0,Coconut
19.07,19.42,36.39,26.79,50.47,5.98,72.05,2,Pomegranate
28.41,46.11,29.27,16.88,59.55,5.46,51.42,1,Lentil
63.68,45.98,36.68,25.62,80.92,5.66,220.96,0,Rice
118.84,39.07,13.92,26.47,62.8,6.34,79.23,2,Cotton
22.66,31.07,39.61,24.85,63.25,6.94,93.45,2,Grapes
19.52,5,10.39,24.7,78.08,6.86,128.0,2,Orange
95.29,45.58,40.14,24.07,74.13,6.71,88.72,2,Maize
108.86,19.82,54.62,25.11,57.56,6.07,107.12,2,Muskmelon
23.31,34.76,28.76,27.56,65.9,5.83,97.24,2,Mango
87.31,46.55,50.33,28.54,79.93,6.55,244.48,0,Rice
83.54,39.08,47.96,23.49,93.23,6.18,162.49,2,Jute
24.34,58.12,26.6,25.94,62.82,5.73,98.07,2,Black Gram
79.19,74.17,47.98,27.68,81.78,6.32,118.59,0,Banana
28.9,24.67,33.07,26.23,93.61,5.44,190.84,0,Coconut
15.56,26.34,32.86,21.01,59.94,6.49,53.64,1,Grapes
15.85,18.93,30.72,30.01,75.22,6.41,210.3,0,Coconut
19.58,25.74,33.81,26.46,65.36,6.16,77.22,2,Grapes
92.76,75.86,39.67,27.14,78.91,6.33,130.33,0,Banana
25.3,51.58,20.04,29.11,69.08,7.02,94.68,2,Black Gram
128.73,48.15,21.23,25.78,60.07,6.08,90.43,2,Cotton
20.09,23.57,41.45,23.44,70.86,6.76,69.74,2,Grapes
13.34,65.74,18.48,22.51,64.53,5.57,110.41,2,Kidney Beans
19.18,18.68,27.27,27.23,69.11,5.66,177.35,2,Coconut
39.84,52.77,51.63,27.26,70.17,6.08,104.74,0,Papaya
24.37,50.15,33.56,25.49,64.06,6.51,70.95,2,Mung Beans
16.05,43.9,31.31,27.84,36.08,7.57,57.46,2,Moth Beans
26.57,68.66,26.03,14.1,56.63,6.71,46.84,1,Lentil
18.02,29.76,26.44,26.44,74.9,6.54,73.66,2,Mango
77.49,20.55,22.17,25.26,84.54,6.48,181.13,0,Coffee
127.49,25.78,39.98,27.55,82.64,6.4,88.92,2,Muskmelon
93.51,68.91,49.86,30.82,64.18,6.5,92.73,2,Banana
122.73,41.57,22.5,28.27,68.23,6.29,106.59,2,Cotton
29.29,33.87,33.61,23.63,67.81,7.14,78.14,2,Grapes
57.6,54.72,43.77,23.21,72.87,6.47,96.84,2,Papaya
22.48,33.89,29.92,29.61,62.35,6.54,82.32,2,Mango
17.62,119.74,197.34,18.41,63.88,5.13,93.39,2,Apple
10.69,18.97,44.24,23.42,54.83,7.44,70.4,2,Pomegranate
19.22,136.75,205,15.09,56.12,5.59,123.74,1,Apple
31.95,53.16,30.04,16.21,49.91,6.64,70.57,1,Chickpea
13.08,62.08,20.98,20.21,74.63,5.11,87.46,2,Kidney Beans
85.52,19.21,33.29,25.49,87.16,5.73,147.45,0,Coffee
33.7,25.1,30.32,25.65,51.65,5.92,84.12,2,Mango
87.64,86.92,39.62,27.14,83.4,6.28,92.36,2,Banana
25.2,23.18,32.67,23.57,58.95,6.58,48.39,2,Grapes
120.64,89.08,50.86,30.96,79.45,6.14,96.1,2,Banana
33.91,19.99,26.53,26.41,55.67,5.27,90.65,2,Mango
23.03,58.34,20.84,25.24,67.94,6.23,76.11,2,Black Gram
22.31,52.97,24.73,31.24,59.66,6.15,107.29,2,Pigeon Peas
60.64,47.03,34.13,26.92,65.67,5.83,90.32,2,Maize
31.88,32.74,27.92,26.72,53.26,6.38,86.76,2,Mango
85.06,40.12,41.49,28.56,73.4,6.0,100.99,0,Maize
16.17,126.91,199.97,16.01,57.49,5.62,111.21,1,Apple
75.24,51.46,43.95,28.0,73.66,6.75,181.09,0,Rice
135.01,44.1,20.97,26.37,44.38,6.39,80.7,2,Cotton
71.87,55.14,38.12,25.8,63.47,6.16,115.76,2,Maize
14.92,35.95,44.41,17.98,62.4,6.72,75.13,2,Grapes
95.72,24.85,30.61,25.19,66.78,6.12,117.64,2,Coffee
88.59,51.65,45.65,27.45,77.3,6.98,184.74,0,Jute
19.85,71.27,14.15,17.52,90.52,5.6,104.31,2,Kidney Beans
25.16,30.96,23.24,28.92,62.07,6.51,95.9,2,Mango
11.72,21.26,36.31,25.94,51.74,6.76,80.91,2,Pomegranate
23.57,27.28,40.84,21.28,68.25,6.68,73.75,2,Grapes
86.77,46.74,42.09,26.71,86.83,5.95,130.79,0,Jute
9.93,23.35,32.64,25.17,65.5,7.2,76.95,2,Pomegranate
16.12,16.23,14.76,19.61,78.52,6.8,92.46,2,Orange
75.42,44.59,32.86,27.45,84.01,6.29,176.95,0,Rice
73.46,51.37,36.45,30.68,82.72,6.77,159.29,0,Jute
17.97,60.17,26.22,18.75,57.49,6.56,45.37,1,Lentil
103.5,38.81,19.8,24.71,63.59,6.66,98.09,2,Cotton
20.51,39.23,20.35,31.98,36.47,7.09,65.87,2,Moth Beans
79.71,41.64,30.08,28.3,55.07,6.56,106.89,2,Maize
78.0,54.41,35.17,28.64,99.98,6.11,155.14,0,Rice
16.91,13.12,42.25,24.06,61.72,6.03,45.38,2,Pomegranate
95.07,15.22,60.01,22.99,72.75,5.87,95.88,2,Watermelon
73.92,19.53,42.09,26.85,67.29,6.76,91.69,2,Muskmelon
77.25,42.46,34.33,26.89,84.84,6.58,170.78,0,Jute
108.61,24.77,24.47,25.8,68.91,7.23,99.72,2,Cotton
26.46,48.15,31.01,29.88,45.77,7.39,70.43,2,Moth Beans
19.59,21.4,36.49,25.24,54.73,6.59,68.91,2,Grapes
18.29,31.4,37.73,23.14,53.42,6.31,76.53,2,Grapes
88.38,45.4,39.24,25.71,98.48,6.26,87.57,2,Jute
50.92,73.25,52.31,28.07,65.18,7.28,124.08,2,Papaya
30.06,70.6,24.49,19.28,71.26,6.34,84.72,2,Kidney Beans
104.7,17.28,54.71,25.78,92.33,5.42,127.64,0,Watermelon
23.53,39.5,28.48,31.64,61.6,5.95,93.5,2,Mung Beans
81.25,17.28,27.95,22.48,74.64,5.85,156.57,2,Coffee
28.56,51.61,23.72,28.83,54.73,6.02,135.75,2,Pigeon Peas
19.51,42.48,17.15,32.57,49.87,6.49,61.37,2,Moth Beans
17.17,49.05,31.52,32.57,34.06,8.32,48.07,2,Moth Beans
33.85,20.17,30.14,28.7,90.4,6.19,149.82,0,Coconut
24.03,20.43,32.23,29.48,94.88,5.96,176.35,0,Coconut
18.98,28.66,39.43,20.21,71.55,6.58,73.7,2,Grapes
60.25,35.55,35.75,25.25,73.03,6.63,99.87,2,Maize
15.55,137.42,177.68,17.54,64.35,4.77,85.54,2,Apple
15.01,21.1,38.36,26.93,56.45,6.38,52.97,2,Pomegranate
11.78,64.11,12.37,30.99,50.75,5.59,108.2,2,Pigeon Peas
97.53,15.55,50.26,28.53,78.79,6.02,85.17,2,Watermelon
38.84,74.89,34.61,18.08,60.01,5.67,47.74,2,Chickpea
23.88,30.64,40.36,23.59,53.61,6.19,78.75,2,Grapes
20.16,56.37,23.99,13.6,48.92,5.86,59.49,1,Lentil
128.67,29.3,18.95,25.63,72.02,6.13,102.23,0,Cotton
17.96,46.24,30.16,33.72,49.19,6.44,61.52,2,Moth Beans
18.46,28.76,31.84,26.96,48.86,6.19,96.93,2,Mango
17.67,18.05,36.99,27.36,69.4,6.58,62.39,2,Grapes
26.42,64.29,30.41,25.18,67.17,6.61,80.76,2,Black Gram
114.7,9.1,44.87,25.52,86.52,6.7,95.03,2,Watermelon
106.74,11.14,42.17,25.38,77.73,5.71,111.56,0,Watermelon
18.04,55.84,31.84,15.5,58.57,6.64,62.96,1,Lentil
96.62,19.42,44.19,27.89,69.96,7.43,104.76,2,Muskmelon
22.4,21.38,30.59,29.55,91.94,6.31,172.74,0,Coconut
101.64,33.6,22.97,29.48,62.18,7.25,86.91,2,Cotton
92.92,46.29,37.0,20.31,65.42,5.32,93.61,2,Maize
25.07,54.12,29.91,26.32,59.27,6.17,109.55,2,Pigeon Peas
20.31,22.49,32.0,27.44,95.81,5.74,184.65,0,Coconut
19.44,6.89,16.33,22.86,70.17,6.36,108.97,2,Orange
23.33,28.69,29.86,24.32,66.88,6.51,72.96,2,Grapes
15.15,17.22,13.85,22.35,83.38,6.25,125.92,2,Orange
89.88,79.79,52.96,29.08,82.48,6.41,130.88,0,Banana
22.49,35.94,37.4,20.82,60.57,6.5,84.03,2,Grapes
15.49,52.48,29.97,27.19,61.51,6.58,68.96,2,Mung Beans
12.41,29.99,31.86,23.63,47.86,6.91,50.62,2,Grapes
46.81,54.26,48.89,25.05,73.57,7.11,119.03,0,Papaya
99.7,79.16,42.3,27.31,86.67,6.38,126.89,0,Banana
42.95,48.91,51.46,25.75,78.14,5.6,87.77,2,Papaya
19.38,29.34,36.37,25.18,57.46,6.88,73.68,2,Grapes
10.35,42.81,19.46,30.09,36.2,6.38,50.58,2,Moth Beans
11.33,14.24,15.34,22.78,74.64,6.54,107.16,2,Orange
115.75,16.71,30.87,22.1,82.95,6.51,163.62,2,Coffee
26.57,48.44,25.45,27.26,49.57,6.12,70.05,2,Mung Beans
79.2,41.36,37.18,23.75,74.03,5.6,96.07,2,Maize
28.77,40.92,20.26,30.28,48.85,6.87,47.17,2,Moth Beans
23.13,47.79,24.78,28.59,61.83,6.71,74.24,2,Mung Beans
81.37,49.42,43.06,28.77,86.55,6.72,181.19,0,Rice
45.38,61.58,47.56,25.45,65.16,6.3,116.23,2,Papaya
21.51,43.59,25.69,30.19,43.24,6.99,52.01,2,Moth Beans
19.11,33.73,37.24,24.74,65.74,6.16,62.04,2,Grapes
22.52,33.86,26.83,25.62,62.81,6.38,61.89,2,Mango
52.95,43.22,39.07,29.4,83.03,6.12,116.46,0,Maize
16.96,29.97,20.89,27.27,82.29,6.06,79.06,2,Mango
16.69,33.98,32.96,31.28,64.19,7.04,120.05,2,Mango
86.69,16.68,29.85,26.12,90.56,5.62,181.26,0,Coffee
23.77,23.55,25.64,25.86,65.53,7.04,90.97,2,Mango
140,42.6,19.64,30.15,64.03,6.31,73.81,2,Cotton
18.22,20.31,37.81,24.49,84.23,6.49,188.2,2,Coconut
72.26,43.52,37.44,24.43,86.73,7.03,199.81,2,Rice
23.49,48.34,19.84,30.35,41.38,6.59,59.77,2,Moth Beans
37.39,58.17,42.7,19.49,67.14,6.27,67.83,2,Chickpea
14.89,19.65,36.26,25.59,55.98,6.87,76.91,2,Pomegranate
30.91,28.84,34.61,25.95,46.95,6.33,70.27,2,Pomegranate
10.92,25.76,37.3,23.7,57.06,4.92,66.52,2,Grapes
91.33,15.03,52.89,28.2,66.78,7.05,98.28,2,Watermelon
90.61,48.63,30.29,34.25,61.61,6.13,89.5,2,Maize
20.52,24.4,29.23,29.94,80.45,6.47,215.04,0,Coconut
99.53,37.71,49.06,29.76,82.63,6.37,159.94,0,Jute
77.8,49.48,43.23,27.74,75.98,6.08,177.78,0,Rice
25.9,26.0,30.18,25.7,74.82,6.1,66.35,2,Grapes
90.47,40.21,33.42,24.29,84.73,7.6,111.2,2,Jute
23.7,61.63,20.72,24.29,78.97,6.61,74.86,2,Mung Beans
33.44,52.74,19.68,28.46,62.91,6.64,82.88,2,Mung Beans
13.59,117.69,205,16.38,62.92,6.22,103.87,2,Apple
28.8,67.28,22.12,18.99,54.47,6.62,64.52,1,Lentil
30.47,74.24,16.31,23.11,62.17,6.51,51.45,2,Lentil
21.73,65.28,24.65,19.9,60.23,7.05,50.94,2,Lentil
119.88,31.99,15.95,26.67,56.76,6.49,93.1,2,Cotton
57.43,47.01,31.16,23.89,58.88,6.82,97.89,2,Maize
52.76,57.06,45.22,21.93,68.92,6.74,97.23,2,Papaya
52.93,34.71,39.66,27.77,84.42,6.15,163.27,0,Rice
24.28,18.62,34.72,24.57,53.92,6.79,65.76,2,Pomegranate
46.91,74.31,50.65,30.07,79.46,6.12,129.79,0,Papaya
17.66,63.47,26.78,24.97,61.0,5.99,108.1,2,Pigeon Peas
108.04,51.1,21.42,27.13,75.82,5.73,97.16,2,Cotton
63.14,41.22,28.97,23.73,58.75,5.63,76.6,2,Maize
75.35,51.25,33.22,24.25,82.22,6.36,141.24,2,Jute
27.79,46.11,19.51,25.03,62.0,5.76,74.8,2,Black Gram
83.61,39.71,41.78,26.4,82.87,6.53,133.38,0,Jute
15.84,52.45,21.61,19.44,68.27,6.15,106.54,2,Kidney Beans
12.59,48.97,22.14,19.52,43.58,6.14,65.01,1,Lentil
24.29,58.13,22.99,16.58,49.21,6.66,59.72,1,Lentil
29.41,55.62,29.06,18.19,48.65,6.18,49.82,1,Lentil
19.34,34.22,24.76,27.18,45.95,7.79,62.24,2,Moth Beans
115.79,41.88,14.96,28.64,74.96,6.96,76.48,2,Cotton
31.45,52.9,17.81,19.41,62.2,6.17,94.48,2,Kidney Beans
22.64,13.12,18.23,22.93,67.35,6.1,117.46,2,Orange
29.31,29.79,34.95,22.28,72.81,6.37,73.21,2,Grapes
27.87,43.88,31.97,27.74,54.44,6.64,73.73,2,Pigeon Peas
10.48,20.72,17.63,22.99,77.66,6.23,136.68,2,Orange
35.87,54.52,23.08,26.56,63.75,6.86,91.46,2,Mung Beans
73.2,44.62,43.6,26.41,79.94,5.67,167.53,0,Rice
17.38,31.67,28.58,23.44,56.57,6.37,110.57,2,Mango
106.08,17.11,31.93,22.75,77.04,6.54,167.75,2,Coffee
25.79,58.33,23.15,23.18,63.46,5.87,131.72,2,Pigeon Peas
65.47,48.9,42.54,31.19,76.77,6.51,198.24,0,Rice
98.21,18.04,60.26,24.17,61.86,6.16,94.1,2,Muskmelon
16.04,22.52,27.1,28.78,84.53,5.56,189.16,0,Coconut
33.64,27.23,35.73,31.11,78.65,5.86,162.81,0,Coconut
24.29,41.79,18.13,21.01,64.31,6.44,48.41,2,Lentil
24.03,13.33,17.4,21.94,77.84,6.01,86.8,2,Orange
20.37,19.78,25.43,24.26,85.02,5.35,273.16,2,Coconut
21.25,43.72,23.98,29.77,76.12,6.96,61.38,2,Black Gram
97.98,85.72,54.87,28.53,91.52,5.66,123.47,0,Banana
84.96,21.11,34.45,21.01,82.25,6.28,82.57,2,Coffee
29.67,54.81,28.53,29.06,55.18,6.42,81.51,2,Black Gram
120.17,41.4,12.84,30.14,58.26,6.78,92.33,2,Cotton
22.12,65.42,27.11,16.72,60.09,6.32,49.72,2,Lentil
27.85,29.5,27.69,31.28,58.48,6.53,80.52,2,Mango
20.45,132.07,189.79,20.58,50.4,6.39,101.01,1,Apple
94.77,44.21,42.21,27.59,86.31,6.45,222.92,0,Rice
31.89,12.62,10.78,18.96,68.23,6.51,101.25,2,Orange
48.82,63.46,26.7,21.15,54.43,6.1,79.8,1,Chickpea
13.23,68.28,21.29,19.33,59.37,5.96,113.26,1,Kidney Beans
30.44,61.21,26.11,13.56,44.76,6.95,48.67,1,Lentil
25.99,53.83,22.8,26.88,57.98,6.65,104.44,2,Pigeon Peas
25.44,51.19,24.18,24.79,75.12,6.24,86.35,2,Mung Beans
91.97,77.44,48.99,31.63,70.95,6.38,152.51,0,Banana
12.18,145,195.75,17.29,63.75,5.53,99.17,2,Apple
107.65,77.39,55.14,27.42,73.48,5.75,91.83,2,Banana
17.41,60.36,22.04,29.45,66.5,6.2,102.07,2,Black Gram
73.19,48.05,36.34,28.42,88.09,6.03,203.46,0,Jute
87.97,43.32,37.63,28.4,84.45,6.99,200.55,0,Rice
67.17,40.68,36.85,23.59,78.16,6.4,80.85,2,Maize
30.84,49.04,27.13,25.15,75.65,5.85,81.16,2,Mung Beans
33.25,52.49,27.71,26.83,73.14,5.31,116.09,0,Pigeon Peas
17.89,16.37,26.3,22.09,57.1,6.28,87.28,2,Pomegranate
25.21,141.82,205,19.7,55.33,5.88,76.27,1,Apple
122.12,21.46,55.06,24.77,80.74,6.69,109.84,2,Muskmelon
35.58,63.41,35.06,18.57,47.41,7.11,76.27,1,Chickpea
12.22,22.62,34.55,24.6,50.94,6.11,76.47,2,Pomegranate
24.03,54.27,32.54,17.3,51.36,5.88,58.47,1,Lentil
59.83,45.65,37.48,25.05,69.6,6.55,217.71,2,Rice
72.19,101.5,54.54,21.46,89.39,6.1,146.87,2,Banana
23.59,59.84,26.71,28.88,54.88,5.42,108.45,2,Pigeon Peas
67.31,47.83,32.98,27.68,74.12,6.77,113.51,0,Maize
18.55,25.48,36.82,24.67,57.12,7.5,81.12,2,Pomegranate
39.01,57.32,49.72,26.24,66.47,6.05,95.23,2,Papaya
24.73,17.72,15.48,22.05,83.77,6.46,136.32,2,Orange
32.39,74.98,32.36,20.71,46.97,6.72,74.86,1,Chickpea
76.17,44.8,40.05,32.27,69.88,6.72,155.88,2,Rice
20.35,27.33,32.51,23.86,65.57,6.72,65.71,2,Grapes
20.26,74.55,20.37,19.06,84.05,6.82,102.95,2,Kidney Beans
108.84,18.21,50.32,30.45,79.37,6.51,78.9,2,Muskmelon
12.67,13.29,40.94,20.25,67.05,6.49,74.56,2,Pomegranate
22.67,134.14,205,17.55,58.86,5.92,116.91,1,Apple
94.77,10.67,45.55,31.5,75.44,6.59,108.76,0,Watermelon
16.29,145,170.63,19.17,57.35,6.01,92.0,1,Apple
120.17,78.53,46.15,30.52,89.43,6.06,110.66,0,Banana
85.44,44.76,36.42,29.15,85.42,6.24,212.01,0,Rice
13.57,23.37,28.01,23.88,75.61,6.38,80.55,2,Mango
84.69,43.35,36.17,25.83,78.11,6.04,193.9,0,Rice
104.65,86.44,62.49,28.44,73.76,5.86,95.88,2,Banana
19.22,63.37,25.73,17.98,57.59,6.13,42.98,1,Lentil
18.53,129.98,205,16.64,75.2,5.76,83.66,2,Apple
121.94,40.59,15.23,29.59,66.08,6.73,92.54,2,Cotton
47.6,58.88,35.61,27.38,81.18,6.14,77.6,2,Papaya
21.75,49.03,29.78,32.78,47.22,7.33,62.39,2,Moth Beans
22.62,57.77,24.64,17.9,56.99,6.48,41.12,1,Lentil
11.81,23.99,33.25,20.59,60.58,5.74,66.03,2,Pomegranate
15.74,129.4,205,24.14,56.04,6.27,91.03,2,Apple
14.6,47.05,32.57,30.0,45.93,6.2,99.78,2,Pigeon Peas
140,41.47,17.6,22.93,53.39,7.12,102.02,2,Cotton
18.44,106.27,205,19.85,70.17,5.6,79.32,2,Apple
70.89,54.65,39.23,26.17,79.39,6.93,179.46,0,Rice
20.49,12.31,15.38,23.46,64.17,5.98,113.79,2,Orange
92.34,49.31,34.75,32.58,95.86,6.58,172.87,0,Rice
44.69,66.72,28.35,17.9,46.57,6.27,65.62,1,Chickpea
66.83,59.32,49.89,25.61,76.1,6.98,89.16,2,Papaya
20.21,133.89,196.68,20.02,55.07,6.49,93.58,1,Apple
81.72,43.22,28.05,26.41,68.64,6.88,108.83,2,Maize
25.94,24.3,33.49,25.89,52.1,6.0,81.33,2,Mango
94.48,44.04,39.55,28.99,83.73,6.8,202.17,0,Rice
42.9,66.37,36.44,21.08,50.15,7.13,55.83,1,Chickpea
26.18,18.93,30.18,28.23,87.09,6.27,200.87,0,Coconut
24.79,40.86,25.35,16.48,50.62,6.89,53.99,1,Lentil
17.77,26.06,38.33,22.96,41.89,7.17,72.58,2,Pomegranate
129.84,23.93,56.07,28.84,77.74,6.71,92.04,2,Muskmelon
40.09,65.64,38.5,20.26,50.94,6.0,50.84,1,Chickpea
45.19,65.01,37.06,19.77,46.8,6.06,78.79,1,Chickpea
22.28,20.49,29.18,21.76,58.47,6.36,67.04,1,Pomegranate
17.22,32.72,23.2,28.91,40.88,6.74,52.42,2,Moth Beans
25.93,17.09,24.55,25.97,95.84,6.48,142.39,0,Coconut
115.96,44.17,21.79,27.81,67.43,6.24,88.56,2,Cotton
25.33,69.34,29.27,19.69,59.88,6.53,57.41,1,Lentil
29.59,40.06,21.81,29.29,35.83,7.79,54.42,2,Moth Beans
19.47,47.59,24.64,26.77,57.72,7.28,84.08,2,Black Gram
22.7,46.44,30.0,29.26,50.76,5.54,69.49,2,Black Gram
100.82,14.33,54.73,27.46,73.07,6.12,94.53,2,Watermelon
13.25,29.04,26.52,20.45,58.39,5.67,62.58,1,Grapes
13.36,22.25,37.41,25.3,58.54,6.76,75.08,2,Pomegranate
19.5,67.22,28.97,29.11,69.18,6.44,55.74,2,Black Gram
69.14,41.31,29.85,27.05,69.66,6.11,93.04,2,Maize
28.12,13.48,18.56,24.68,68.96,6.77,127.59,2,Orange
17.26,51.44,23.2,28.19,59.74,6.56,67.13,2,Mung Beans
25.43,57.17,26.04,14.34,58.23,6.56,57.65,1,Lentil
19.66,55.59,26.68,26.94,60.45,6.14,67.09,2,Black Gram
24.35,15.01,35.98,23.14,43.69,6.6,68.93,2,Pomegranate
106.67,14.65,53.27,33.0,67.29,6.47,107.35,2,Watermelon
31.42,28.1,35.67,22.72,60.7,6.74,102.78,2,Mango
29.6,140.99,205,17.44,54.81,5.41,101.25,1,Apple
27.32,59.07,24.0,21.36,40.73,6.52,43.51,1,Lentil
140,42.01,13.56,25.89,60.22,6.5,92.45,2,Cotton
26.01,27.65,42.34,23.4,67.67,7.07,62.23,2,Grapes
27.39,143.34,205,19.09,57.99,6.3,111.77,1,Apple
44.78,63.39,31.22,18.42,56.91,6.2,70.92,1,Chickpea
127.34,45.35,17.38,26.92,64.19,6.73,57.19,2,Cotton
16.16,48.7,27.86,26.32,36.44,6.56,59.77,2,Moth Beans
130.45,38.93,10.88,25.44,69.06,6.3,93.16,2,Cotton
16.58,40.52,26.75,33.07,46.91,6.65,71.91,2,Moth Beans
96.59,25.42,49.15,27.74,75.09,7.19,85.55,2,Muskmelon
94.83,12.81,52.77,27.53,70.88,6.62,78.45,2,Muskmelon
23.6,67.15,19.32,27.9,61.24,6.28,94.58,2,Pigeon Peas
97.08,49.41,43.31,22.77,86.98,6.75,183.5,2,Rice
91.57,16.09,43.79,25.45,65.05,6.79,93.94,2,Watermelon
20.64,34.14,30.74,24.72,67.78,6.38,68.75,2,Grapes
102.16,20.03,50.03,26.11,67.84,6.75,95.22,2,Muskmelon
22.67,64.32,15.83,24.82,66.85,6.37,138.51,2,Kidney Beans
23.49,15.06,28.22,27.29,89.02,6.28,197.05,0,Coconut
22.82,55.16,25.38,25.67,63.55,5.89,72.32,2,Mung Beans
28.59,49.76,28.7,24.09,73.24,5.4,87.58,2,Black Gram
40.17,70.15,31.32,21.92,50.48,7.08,78.33,1,Chickpea
95.93,11.21,50.21,28.15,69.08,6.11,100.18,2,Watermelon
81.11,86.44,49.5,25.9,85.49,6.28,127.99,0,Banana
20.44,45.44,21.56,27.23,42.33,7.39,67.36,2,Moth Beans
35.27,71.28,45.28,18.63,64.09,6.66,67.51,2,Chickpea
15.0,128.84,196.86,18.41,54.79,6.38,88.34,1,Apple
16.39,56.25,26.65,29.18,63.9,6.47,83.86,2,Pigeon Peas
24.81,61.51,20.78,17.43,53.58,6.33,49.59,1,Lentil
55.53,38.75,43.71,30.86,95.32,7.31,138.33,0,Rice
19.47,36.81,38.65,18.59,63.52,6.11,74.78,2,Grapes
23.75,53.36,21.36,16.74,59.27,6.43,50.07,1,Lentil
90.57,27.11,31.97,21.36,82.4,6.47,158.05,2,Coffee
79.52,47.85,29.32,23.77,67.55,6.07,102.51,2,Maize
88.57,41.54,46.36,24.28,94.68,6.6,137.28,2,Jute
15.49,16.61,38.32,27.65,88.42,6.1,171.64,0,Coconut
135.58,45.35,15.07,29.12,71.94,6.74,62.62,2,Cotton
63.65,45.69,44.26,27.52,76.09,6.29,111.51,0,Maize
20.04,30.3,35.78,23.98,48.57,6.09,73.24,2,Grapes
13.81,32.47,36.14,24.38,60.0,6.71,64.9,2,Grapes
19.05,59.92,20.11,16.0,68.0,6.08,106.69,2,Kidney Beans
66.26,40.98,26.48,29.76,73.56,6.18,114.0,0,Maize
42.96,56.92,54.57,23.63,64.78,5.82,124.65,2,Papaya
97.11,74.16,48.57,25.88,73.77,6.75,127.63,0,Banana
18.29,31.85,33.4,26.58,60.54,6.95,119.92,2,Mango
29.61,50.96,22.43,31.19,61.46,5.69,103.0,2,Pigeon Peas
22.55,21.45,36.28,22.05,47.18,7.29,63.65,2,Pomegranate
28.37,13.27,31.23,28.54,82.17,6.19,194.9,0,Coconut
17.63,30.75,34.51,22.89,66.75,6.32,63.78,2,Grapes
20.75,48.09,19.28,24.82,63.55,5.96,99.73,2,Black Gram
40.17,74.97,36.77,25.84,53.3,6.86,74.35,2,Chickpea
34.71,63.23,27.24,18.82,57.62,7.11,60.99,1,Lentil
68.55,42.48,37.89,28.33,67.07,6.24,133.1,2,Maize
20.12,15.81,36.03,28.92,48.85,6.74,50.15,2,Pomegranate
37.05,67.23,29.98,22.58,41.57,6.65,64.84,2,Chickpea
68.19,49.68,39.78,31.45,97.96,6.51,153.56,0,Rice
23.73,61.53,23.52,19.43,71.7,6.83,116.37,2,Kidney Beans
28.19,12.85,9.61,23.1,85.7,6.38,111.29,2,Orange
72.64,43.05,33.82,24.72,56.92,5.85,79.14,2,Maize
102.38,16.43,25.99,23.11,68.63,6.31,183.15,2,Coffee
85.78,48.93,43.6,31.08,78.15,7.01,176.21,0,Rice
21.25,57.42,22.16,25.46,60.5,6.3,116.54,2,Pigeon Peas
47.63,71.02,35.92,21.11,52.64,6.8,69.48,1,Chickpea
24.05,59.44,24.58,26.41,69.77,6.93,74.34,2,Mung Beans
22.98,41.81,20.65,28.18,65.89,6.21,77.46,2,Black Gram
75.99,44.44,41.73,30.16,88.03,7.02,146.36,0,Jute
28.87,30.22,31.04,26.3,60.65,6.22,65.73,2,Mango
77.52,24.03,24.2,23.75,75.66,6.53,139.69,2,Coffee
108.9,39.58,18.55,30.26,72.69,6.6,96.27,2,Cotton
21.19,60.27,19.69,25.58,60.96,6.79,70.56,2,Black Gram
27.27,44.15,27.38,22.55,57.6,6.88,68.43,2,Lentil
16.03,66.38,22.0,18.38,64.16,5.98,105.89,2,Kidney Beans
14.33,45.71,25.58,31.27,45.75,6.92,71.32,2,Moth Beans
40.18,70.25,29.26,16.04,56.77,6.34,68.91,1,Chickpea
38.17,65.0,37.46,21.5,47.37,6.58,60.07,1,Chickpea
24.45,14.27,36.8,27.56,62.5,6.83,89.45,2,Pomegranate
28.08,64.09,24.11,28.82,52.9,6.79,99.8,2,Pigeon Peas
79.13,48.47,30.44,25.62,61.51,6.58,107.95,2,Maize
66.18,40.8,34.45,29.42,65.81,6.35,213.5,2,Rice
96.29,81.69,50.84,27.64,73.31,6.38,130.0,0,Banana
23.4,29.03,31.37,27.75,62.53,6.45,81.84,2,Mango
92.38,19.21,55.78,27.95,68.09,6.62,110.79,2,Muskmelon
50.98,57.85,40.43,20.17,70.61,7.3,63.2,2,Chickpea
21.7,58.56,25.69,26.66,63.43,6.91,74.09,2,Black Gram
22.06,16.38,15.0,21.05,76.14,6.04,115.45,2,Orange
53.48,60.5,42.37,24.87,67.49,7.82,103.35,2,Papaya
31.93,19.24,29.92,27.57,73.9,6.66,174.67,0,Coconut
25.5,21.51,24.31,29.38,93.3,6.08,191.03,0,Coconut
102.71,15.68,30.13,22.74,84.08,5.89,126.05,2,Coffee
71.14,39.52,41.18,30.88,82.29,6.45,215.95,0,Rice
108.34,11.02,56.04,28.22,76.66,6.73,103.78,0,Watermelon
12.87,145,205,17.88,62.93,6.64,110.75,2,Apple
88.26,40.45,16.51,26.71,55.32,6.5,99.71,2,Cotton
79.72,47.89,34.47,30.27,67.1,6.1,58.61,2,Maize
23.12,42.21,28.83,27.24,58.86,6.59,94.5,2,Black Gram
16.92,22.65,15.02,24.77,69.42,6.35,67.8,2,Orange
140,44.82,20.61,27.73,57.58,6.23,82.34,2,Cotton
17.33,55.95,31.2,25.48,68.78,6.17,98.89,2,Black Gram
53.13,70.59,50.52,25.9,75.77,7.32,121.16,0,Papaya
22.08,64.48,21.77,20.67,66.17,5.84,85.41,2,Kidney Beans
22.84,29.25,37.8,23.79,55.95,6.58,78.77,2,Grapes
48.37,54.52,33.63,26.57,69.83,5.84,123.44,2,Papaya
57.61,56.23,33.68,23.98,49.86,6.21,71.37,2,Chickpea
22.52,58.29,28.51,25.84,75.99,6.51,73.35,2,Black Gram
19.09,47.13,25.73,29.11,57.86,7.36,55.76,2,Moth Beans
20.39,23.17,35.0,24.28,75.5,5.83,94.06,2,Grapes
17.79,57.82,23.49,20.28,65.33,6.25,115.55,2,Kidney Beans
45.51,67.91,49.5,27.11,73.04,6.09,96.78,2,Papaya
25.05,52.31,25.59,26.08,67.69,6.41,74.05,2,Mung Beans
95.25,44.93,33.46,25.74,64.49,6.24,193.09,2,Jute
17.35,15.4,17.07,24.47,73.22,6.67,113.64,2,Orange
75.63,45.53,34.04,28.48,73.53,6.9,200.1,0,Rice
15.07,19.53,15.68,22.73,69.24,5.83,128.28,2,Orange
35.49,44.12,35.31,23.06,51.25,6.59,61.03,2,Chickpea
104.18,83.01,44.75,28.7,73.23,5.95,106.26,0,Banana
20.82,31.8,40.04,25.4,65.95,6.41,67.36,2,Grapes
32.92,70.19,24.04,15.1,52.86,6.77,51.75,1,Lentil
110.17,16.9,44.65,27.23,85.67,6.48,88.75,2,Watermelon
57.57,62.39,55.85,21.66,77.76,7.21,125.39,2,Papaya
33.51,50.95,54.04,27.18,70.75,6.44,88.11,2,Papaya
24.78,42.41,27.61,30.61,46.7,7.06,40.59,2,Moth Beans
105.08,34.87,22.85,23.05,71.61,6.44,90.39,2,Cotton
30.31,63.84,36.1,16.14,51.34,6.85,86.26,1,Chickpea
12.86,67.97,19.09,20.62,60.21,5.93,90.64,2,Kidney Beans
26.0,44.76,32.86,28.14,48.09,6.89,73.42,2,Moth Beans
30.99,145,196.17,18.39,47.47,5.74,102.31,1,Apple
99.83,44.9,39.14,23.68,88.29,6.73,190.36,2,Jute
37.17,74.94,29.25,21.51,53.77,6.61,76.7,1,Chickpea
130.99,79.71,51.59,27.44,89.79,7.01,123.27,0,Banana
19.83,106.89,193.99,21.24,47.85,5.4,94.78,1,Apple
28.51,48.21,30.48,30.85,74.82,7.15,83.16,2,Mung Beans
120.02,42.38,17.56,26.19,65.28,5.26,97.53,2,Cotton
92.32,21.93,23.41,24.94,86.07,5.95,122.3,2,Coffee
11.94,14.12,30.64,27.44,54.03,6.52,76.21,2,Pomegranate
19.93,64.65,17.89,20.17,66.57,6.67,123.1,2,Kidney Beans
24.15,13.51,32.43,31.71,82.49,6.78,135.84,0,Coconut
97.45,22.5,33.63,21.44,90.46,6.23,158.21,2,Coffee
96.86,93.35,46.52,32.73,76.41,5.52,124.29,0,Banana
18.3,44.44,22.03,28.57,60.01,6.37,109.67,2,Pigeon Peas
23.86,44.36,27.78,25.95,67.98,6.72,99.99,2,Mung Beans
31.12,48.81,24.91,29.47,74.2,6.25,99.6,2,Black Gram
12.97,51.96,29.06,19.76,63.0,6.65,56.87,2,Lentil
17.13,19.68,11.35,23.2,66.09,5.9,93.99,2,Orange
20.03,26.79,29.43,26.52,60.65,6.78,79.39,2,Mango
26.9,54.12,25.2,26.3,61.97,6.24,73.94,2,Mung Beans
63.61,48.42,39.0,29.25,82.51,6.97,231.81,0,Rice
25.1,17.84,27.14,29.46,85.67,6.08,161.11,0,Coconut
46.19,62.99,51.16,25.27,80.48,6.42,106.01,0,Papaya
122.78,45.11,15.53,27.2,50.86,6.7,76.37,2,Cotton
22.83,30.75,34.27,24.02,56.72,7.35,71.35,2,Grapes
34.14,57.39,25.2,29.95,55.64,6.87,135.92,2,Pigeon Peas
14.58,37.65,16.61,31.71,51.16,6.86,59.46,2,Moth Beans
19.61,63.3,29.04,14.83,59.66,6.03,54.4,1,Lentil
22.05,145,154.84,17.9,60.84,5.81,101.7,2,Apple
123.79,77.88,46.1,25.32,82.77,5.78,136.74,0,Banana
25.1,139.14,205,21.48,48.4,6.06,85.51,1,Apple
114.59,13.86,31.08,22.84,85.7,6.23,148.51,2,Coffee
21.46,59.46,26.01,22.18,55.58,6.24,105.98,2,Black Gram
117.11,25.75,48.26,20.41,72.07,7.03,73.38,2,Muskmelon
45.89,64.66,41.25,16.5,47.47,6.98,63.12,1,Chickpea
28.54,13.54,30.66,27.65,55.63,6.42,84.02,2,Pomegranate
81.66,20.75,35.41,21.51,89.17,6.55,132.16,2,Coffee
97.57,24.25,45.09,24.82,77.39,6.15,99.97,2,Muskmelon
8.82,25.24,34.67,24.94,69.43,6.49,63.09,2,Grapes
127.62,38.33,20.42,25.17,62.45,6.11,78.54,2,Cotton
100.85,43.69,36.32,33.34,83.09,7.12,224.53,0,Rice
127.05,39.17,14.88,32.27,72.54,6.9,84.62,2,Cotton
90.14,35.01,34.3,26.61,90.15,6.64,150.27,0,Jute
32.96,75.61,30.55,15.09,60.97,6.98,70.55,2,Chickpea
20.39,67.48,23.35,19.02,52.57,6.44,53.59,1,Lentil
105.58,37.22,20.42,27.99,74.62,6.85,69.3,2,Cotton
16.46,24.81,27.77,29.94,98.49,7.07,167.87,0,Coconut
37.6,70.31,34.39,19.57,56.8,5.57,70.7,1,Chickpea
72.63,50.42,32.01,28.52,72.47,5.67,106.12,0,Maize
114.85,14.89,48.78,31.29,73.15,6.07,93.02,2,Watermelon
11.7,130.38,205,19.97,53.16,5.78,119.72,1,Apple
19.03,130.79,187.8,15.33,73.94,5.75,94.66,2,Apple
16.62,22.23,36.17,21.65,62.76,5.97,67.56,2,Grapes
23.63,11.53,17.89,24.68,73.31,6.26,98.35,2,Orange
67.42,33.21,32.07,22.85,74.11,7.17,127.88,2,Maize
34.78,55.48,31.38,19.2,60.36,6.91,82.09,2,Chickpea
94.55,10.84,59.11,22.32,79.9,6.5,97.3,2,Watermelon
51.14,61.37,46.86,22.64,77.75,6.19,97.23,2,Papaya
20.81,19.09,32.75,21.9,55.29,6.13,68.66,1,Pomegranate
35.66,53.01,27.66,19.49,61.13,6.48,55.69,2,Lentil
79.76,19.53,33.32,21.8,83.49,6.0,172.09,2,Coffee
114.28,19.58,52.23,29.21,74.75,6.62,81.77,2,Muskmelon
16.22,21.31,10.89,27.02,88.87,6.69,114.36,0,Orange
39.06,66.98,31.33,23.42,50.61,6.67,81.89,2,Chickpea
20.15,75.92,17.81,19.19,69.67,6.24,112.79,2,Kidney Beans
15.99,46.08,27.77,27.69,44.93,5.78,127.31,2,Pigeon Peas
40.58,55.87,30.08,19.76,54.45,6.59,81.73,1,Chickpea
25.19,59.06,29.0,21.04,57.96,7.06,78.6,1,Kidney Beans
101.18,23.3,37.41,26.78,70.51,6.34,91.44,2,Muskmelon
20.91,76.02,13.84,19.33,65.33,6.92,115.4,2,Kidney Beans
14.78,26.05,34.82,22.35,65.38,6.45,75.25,2,Grapes
54.84,46.78,33.47,25.29,68.17,6.0,217.05,2,Rice
26.3,57.58,27.89,16.0,64.36,6.48,58.47,2,Lentil
73.0,46.04,42.7,24.96,81.16,7.06,198.41,2,Jute
45.52,65.17,43.41,21.05,60.26,6.16,65.74,2,Chickpea
28.6,29.08,35.38,22.98,64.82,6.06,57.95,2,Grapes
77.45,41.97,31.01,26.86,67.7,6.0,88.46,2,Maize
87.53,76.65,51.39,27.02,76.44,6.63,116.52,0,Banana
24.06,33.27,40.09,24.33,71.94,6.35,80.58,2,Grapes
82.01,23.91,54.87,28.43,68.52,6.55,73.23,2,Muskmelon
56.84,49.22,44.27,28.76,72.39,7.07,117.15,0,Papaya
84.79,46.01,35.21,29.85,63.38,5.78,91.03,2,Maize
72.12,18.68,34.66,19.95,86.39,6.3,122.14,2,Coffee
27.43,53.26,28.44,21.97,58.43,6.69,48.95,1,Lentil
19.45,21.62,23.98,28.78,72.84,6.66,175.15,0,Coconut
86.97,57.54,42.98,26.66,78.07,6.13,228.57,0,Rice
23.29,50.4,26.0,27.97,53.66,6.48,109.85,2,Pigeon Peas
18.82,30.02,36.75,25.93,72.68,7.67,72.32,2,Grapes
81.54,52.74,32.24,25.3,70.33,6.17,99.22,2,Maize
19.67,61.38,17.1,19.7,62.54,6.01,123.65,2,Kidney Beans
90.99,68.08,43.04,25.96,73.48,6.34,123.26,0,Banana
19.5,145,205,19.77,64.23,5.74,100.83,2,Apple
68.07,16.29,36.34,24.55,96.27,6.15,141.99,2,Coffee
16.53,50.06,27.24,34.42,44.36,7.41,74.89,2,Moth Beans
21.0,19.37,39.11,25.91,52.38,6.35,71.31,2,Pomegranate
20.49,64.84,26.12,28.71,64.31,6.34,122.34,2,Pigeon Peas
28.63,12.04,38.25,28.14,81.07,5.56,129.9,0,Coconut
68.03,48.15,42.71,26.91,88.87,6.28,112.17,0,Jute
131.56,44.48,29.25,27.99,68.78,6.72,101.39,2,Cotton
111.6,14.52,52.39,22.83,69.89,5.8,79.39,2,Watermelon
25.78,72.69,20.27,26.3,74.33,6.28,105.06,0,Black Gram
17.7,145,151.18,17.13,69.56,5.06,126.76,2,Apple
18.75,30.03,40.75,23.62,60.71,7.3,68.38,2,Grapes
121.01,37.25,17.73,25.56,67.16,6.07,78.12,2,Cotton
60.2,59.85,45.37,24.78,82.06,6.01,119.98,2,Papaya
14.36,58.86,16.84,18.94,70.48,5.49,109.15,2,Kidney Beans
19.82,15.56,28.16,28.48,88.91,6.27,172.26,0,Coconut
117.26,18.52,45.4,25.49,63.32,6.22,106.17,2,Watermelon
44.46,60.65,43.88,25.06,71.19,6.64,105.58,0,Papaya
27.5,129.21,183.67,22.21,62.76,6.62,95.73,2,Apple
89.23,34.65,47.75,28.56,74.01,7.4,219.32,0,Rice
78.16,44.95,30.42,24.15,68.72,6.48,84.25,2,Maize
29.47,29.57,31.29,25.66,63.61,5.68,88.64,2,Mango
98.74,19.62,53.8,28.62,79.81,6.26,89.26,2,Muskmelon
27.33,60.61,24.43,25.25,62.48,6.08,91.1,2,Pigeon Peas
20.26,55.59,19.68,17.48,60.56,5.58,104.99,2,Kidney Beans
49.91,68.57,40.01,28.02,77.9,6.48,121.86,0,Papaya
95.74,19.9,28.67,21.85,82.39,5.8,139.2,2,Coffee
94.9,43.01,30.06,28.91,78.65,6.35,78.48,2,Maize
21.29,19.49,30.91,27.71,46.88,6.55,81.94,2,Pomegranate
41.04,62.27,40.93,19.46,44.95,6.71,57.95,1,Chickpea
22.88,33.07,21.02,26.5,70.93,6.48,77.36,2,Mung Beans
34.81,23.11,33.4,27.88,63.59,6.78,88.63,2,Mango
27.96,10.75,18.96,19.83,70.02,6.45,117.16,2,Orange
30.68,34.9,23.67,25.07,71.46,5.93,82.21,2,Mango
15.23,16.32,16.08,25.07,76.22,6.32,126.55,0,Orange
75.46,45.71,37.21,25.93,76.24,7.05,101.21,0,Maize
140,35.09,19.54,26.8,72.32,6.08,70.58,2,Cotton
26.33,54.0,24.36,25.89,66.05,6.63,81.54,2,Black Gram
17.47,26.16,29.26,25.29,80.7,6.58,150.33,0,Coconut
27.83,45.91,14.26,28.89,59.6,6.41,50.18,2,Mung Beans
15.48,38.09,26.54,30.27,51.85,7.23,63.82,2,Moth Beans
98.26,45.39,44.81,27.12,76.79,6.2,245.82,0,Rice
24.63,52.13,22.37,29.99,45.71,7.62,129.04,2,Pigeon Peas
77.26,54.74,34.64,27.4,71.57,6.79,193.24,0,Rice
32.31,143.87,187.36,18.62,54.53,5.22,93.92,1,Apple
97.37,50.39,37.08,27.28,78.13,6.31,147.52,0,Jute
17.98,10.07,9.39,20.92,78.45,6.8,112.88,2,Orange
12.92,139.68,205,23.21,59.78,5.79,106.34,2,Apple
122.4,35.29,18.52,28.58,67.18,6.9,85.97,2,Cotton
20.03,11.25,12.23,24.17,82.46,5.4,106.38,2,Orange
83.45,50.27,28.18,24.43,71.37,6.46,114.36,2,Maize
17.07,71.39,26.77,19.22,53.02,6.61,45.73,1,Lentil
88.71,75.33,62.03,24.71,82.95,6.11,105.31,2,Banana
91.01,12.56,55.08,23.68,76.64,6.57,119.62,2,Watermelon
35.63,20.71,24.39,23.36,92.85,5.5,176.47,2,Coconut
13.29,71.15,24.31,21.35,60.79,5.76,93.4,2,Kidney Beans
28.76,52.0,28.91,27.92,67.68,6.49,92.34,2,Black Gram
118.36,75.2,46.49,24.89,85.35,5.88,124.58,2,Banana
104.44,14.8,29.19,20.72,70.49,4.68,116.56,2,Coffee
24.67,56.72,30.89,25.29,63.7,5.93,104.16,2,Black Gram
111.6,23.16,51.02,23.92,78.72,6.81,95.53,2,Muskmelon
95.14,20.46,23.61,24.25,78.19,6.42,142.44,2,Coffee
25.37,109.4,205,16.54,57.93,6.04,88.64,1,Apple
90.86,15.1,45.83,26.27,65.88,6.85,63.45,2,Muskmelon
21.16,53.35,25.11,29.24,58.51,6.4,103.84,2,Pigeon Peas
86.79,13.01,48.37,28.8,70.79,6.5,69.49,2,Muskmelon
25.15,46.99,21.01,27.12,64.95,7.12,92.84,2,Black Gram
26.52,67.3,24.9,18.55,66.41,7.23,63.69,2,Lentil
25.68,37.14,27.32,24.57,65.01,6.3,85.49,2,Mango
85.76,80.35,47.5,32.68,78.72,5.9,131.1,0,Banana
104.74,75.37,44.52,30.71,73.33,6.24,97.7,2,Banana
41.61,67.01,48.55,29.6,71.24,6.4,78.64,2,Papaya
14.78,11.69,35.57,22.2,56.33,5.83,78.2,2,Pomegranate
80.57,22.35,54.41,30.73,67.65,6.27,89.11,2,Muskmelon
28.55,26.76,27.48,27.69,85.57,5.91,194.83,0,Coconut
99.42,51.25,35.89,26.8,82.92,6.59,171.01,0,Jute
33.25,25.83,29.8,29.62,79.51,5.55,229.15,0,Coconut
30.5,28.71,27.22,22.66,54.68,6.54,88.21,2,Mango
15.88,126.89,176.98,20.03,70.64,6.15,79.21,2,Apple
20.35,39.5,22.17,31.77,43.05,6.99,40.54,2,Moth Beans
81.83,40.77,39.18,30.76,80.57,6.42,185.25,0,Rice
74.08,50.89,28.74,28.39,83.0,6.24,241.75,0,Rice
86.28,52.16,41.17,23.39,99.98,7.08,165.11,2,Jute
21.31,54.91,20.01,18.86,68.97,6.47,111.8,2,Kidney Beans
21.76,32.39,29.59,27.09,66.82,6.37,96.77,2,Mango
73.79,42.38,35.5,27.28,62.85,6.19,82.5,2,Maize
46.38,68.51,43.23,25.52,85.61,6.1,107.82,0,Papaya
109.36,26.24,55.08,26.72,63.83,6.14,89.52,2,Muskmelon
24.73,12.84,17.52,24.21,73.6,6.16,96.03,2,Orange
114.05,19.68,55.85,24.29,64.98,5.84,91.95,2,Muskmelon
33.68,49.89,20.72,16.04,47.66,7.07,74.15,1,Lentil
72.98,54.16,46.17,27.52,98.95,6.63,183.76,0,Jute
24.82,22.61,24.65,23.48,71.7,6.82,112.14,2,Orange
42.37,69.38,28.69,16.78,62.84,6.48,56.21,2,Chickpea
35.46,74.34,35.52,20.06,58.89,5.94,76.24,1,Chickpea
11.32,145,199.41,15.51,60.48,6.53,82.32,2,Apple
117.73,13.73,49.13,30.3,80.32,5.91,58.39,2,Watermelon
21.94,15.65,9.81,20.23,86.42,6.67,102.97,2,Orange
68.91,41.5,41.18,23.33,84.53,6.58,182.46,2,Rice
119.99,21.15,29.25,19.78,61.65,5.68,121.86,2,Coffee
44.39,65.46,24.58,18.87,65.62,7.15,71.1,2,Chickpea
21.02,44.86,24.1,30.68,65.81,6.2,125.2,2,Pigeon Peas
108.79,34.95,16.25,23.37,56.04,6.14,98.1,2,Cotton
35.76,25.28,33.05,23.86,55.07,6.69,99.72,2,Mango
30.89,29.4,26.72,29.09,50.06,7.0,101.42,2,Mango
78.81,46.84,33.67,27.95,96.04,6.64,156.28,0,Jute
17.43,21.09,25.49,26.09,96.85,5.26,225.35,0,Coconut
22.4,17.34,13.08,22.55,81.02,7.08,110.45,2,Orange
88.8,38.03,45.17,29.1,90.08,6.62,144.65,0,Jute
116.1,90.89,51.96,27.16,81.84,6.7,119.05,0,Banana
17.09,28.58,29.06,28.03,92.86,6.13,205.44,0,Coconut
35.04,57.06,30.83,16.95,46.35,6.82,55.25,1,Chickpea
122.38,17.2,51.11,27.41,60.27,6.79,97.18,2,Muskmelon
100.88,73.51,53.36,26.34,83.23,5.6,143.79,0,Banana
99.32,80.24,40.16,28.25,79.52,5.94,151.86,0,Banana
15.75,124.17,196.1,17.4,53.83,6.3,75.18,1,Apple
19.95,18.67,32.76,25.91,61.37,7.3,80.74,2,Pomegranate
8.66,29.89,37.3,22.18,67.58,6.64,76.05,2,Grapes
131.73,15.37,51.33,25.73,68.46,6.1,134.15,2,Watermelon
20.93,50.86,19.83,28.87,34.9,7.11,59.06,2,Moth Beans
27.29,56.51,16.18,29.31,70.23,6.55,69.37,2,Mung Beans
68.68,52.83,29.23,25.36,82.2,5.4,117.83,0,Maize
18.36,76.49,23.48,18.87,59.52,5.92,96.4,1,Kidney Beans
85.0,30.67,31.8,24.6,75.47,6.38,107.12,2,Maize
15.02,22.36,45.46,24.88,47.15,7.01,65.02,2,Pomegranate
10.89,65.84,14.01,17.12,65.61,5.95,115.41,2,Kidney Beans
82.87,47.0,31.08,26.97,76.47,6.56,171.12,0,Jute
17.97,53.29,25.1,24.66,52.89,5.89,98.34,2,Kidney Beans
90.51,48.59,34.15,29.86,74.98,6.46,191.18,0,Rice
28.75,63.66,31.56,19.62,50.25,6.55,58.39,1,Lentil
32.34,32.79,36.18,26.9,67.38,6.91,76.24,2,Mango
53.14,66.24,45.86,21.41,88.95,7.14,118.47,2,Papaya
54.4,58.72,42.86,24.96,81.05,6.65,105.71,2,Papaya
17.44,16.22,20.44,21.94,74.0,6.36,137.75,2,Orange
17.76,21.39,38.99,24.95,72.53,6.28,84.06,2,Grapes
18.59,23.2,29.81,28.14,51.11,6.58,62.46,2,Pomegranate
17.33,69.33,19.9,19.72,64.83,5.72,86.93,2,Kidney Beans
36.17,57.75,27.07,19.03,41.86,6.89,67.49,1,Chickpea
23.29,17.48,26.88,30.3,95.77,6.19,152.92,0,Coconut
84.97,24.29,52.15,24.66,68.84,6.4,115.48,2,Muskmelon
20.82,30.26,44.19,24.99,64.4,5.79,67.17,2,Grapes
107.31,84.45,50.11,25.08,68.32,6.23,113.32,2,Banana
16.34,131.95,202.39,19.61,58.34,5.47,74.54,1,Apple
19.5,9.21,20.18,24.41,70.41,6.97,99.21,2,Orange
30.08,18.8,23.73,25.89,86.82,6.02,119.21,0,Coconut
13.52,42.47,31.43,33.95,47.59,7.72,70.87,2,Moth Beans
63.71,48.26,43.37,25.13,91.07,7.56,92.92,2,Papaya
19.41,44.85,30.46,31.31,47.07,6.11,56.25,2,Moth Beans
23.88,45.42,23.9,30.72,77.17,6.39,75.71,2,Mung Beans
90.39,41.89,19.61,25.75,69.79,6.36,116.51,2,Cotton
78.36,41.43,37.5,26.71,66.84,6.57,207.5,2,Rice
12.29,43.84,27.3,30.37,52.06,7.55,59.24,2,Moth Beans
18.33,55.18,25.46,30.01,48.09,6.61,45.19,2,Moth Beans
21.61,64.45,31.7,15.71,38.09,6.22,55.82,1,Lentil
18.92,18.01,17.8,20.98,79.9,7.03,116.01,2,Orange
26.73,59.26,13.19,18.95,55.55,6.74,79.18,1,Kidney Beans
23.2,59.24,24.76,23.05,61.13,6.15,115.76,2,Pigeon Peas
87.07,82.13,43.32,27.44,70.62,6.24,98.72,2,Banana
25.59,20.0,23.24,27.13,85.75,5.77,175.48,0,Coconut
14.8,122.77,197.78,12.98,63.8,6.64,89.41,2,Apple
72.0,47.85,41.44,25.3,77.7,6.93,134.82,0,Jute
125.4,42.43,18.19,28.89,67.51,6.59,90.5,2,Cotton
93.53,23.05,48.96,31.18,77.03,5.75,101.71,0,Watermelon
100.53,19.56,50.68,26.56,74.84,7.53,70.24,2,Muskmelon
94.54,98.59,54.79,25.63,81.13,5.83,136.11,0,Banana
35.98,75.24,31.4,19.7,62.17,7.38,64.62,2,Chickpea
20.97,54.32,21.72,17.62,51.68,5.91,54.15,1,Lentil
13.87,46.64,24.62,30.79,54.18,7.42,51.96,2,Moth Beans
26.62,49.39,25.25,27.16,60.51,6.55,92.04,2,Mung Beans
21.82,32.31,23.05,29.37,64.58,6.31,74.67,2,Mango
23.66,51.35,15.91,27.86,82.87,6.07,83.91,2,Mung Beans
19.07,51.7,29.5,34.06,66.0,5.85,103.05,2,Pigeon Peas
27.7,24.7,28.21,22.41,60.35,6.75,91.24,2,Mango
23.25,20.64,34.57,27.61,77.65,6.25,174.82,0,Coconut
57.13,55.04,33.55,21.41,89.46,5.99,117.03,2,Papaya
25.9,27.54,30.31,26.59,56.85,6.31,95.96,2,Mango
14.09,22.47,15.78,21.55,83.22,6.87,141.59,2,Orange
21.58,44.68,25.98,33.11,40.79,7.19,44.35,2,Moth Beans
99.98,25.01,40.22,27.11,60.32,7.28,93.96,2,Muskmelon
19.84,51.57,21.27,25.66,52.77,6.22,105.09,2,Black Gram
117.09,18.54,48.39,25.26,73.14,6.18,82.45,2,Watermelon
27.25,45.75,24.92,27.46,71.79,6.63,83.68,2,Mung Beans
17.68,61.04,23.93,19.66,78.91,5.37,96.29,2,Kidney Beans
26.12,23.44,30.84,32.44,79.04,6.92,226.76,0,Coconut
26.14,52.28,24.61,26.92,62.5,6.34,113.49,2,Pigeon Peas
43.76,81.62,28.13,18.78,48.67,6.88,64.82,1,Chickpea
15.77,30.22,29.23,23.83,74.31,6.56,59.59,2,Mango
117.75,34.59,18.83,31.87,75.16,6.73,71.78,2,Cotton
18.36,51.93,30.59,27.09,55.27,6.01,104.48,2,Pigeon Peas
17.93,48.74,23.65,29.89,52.74,6.3,69.3,2,Mung Beans
112.62,9.29,62.08,29.84,73.38,7.02,102.48,0,Watermelon
98.48,13.76,28.14,19.44,80.62,5.74,139.81,2,Coffee
64.73,41.6,41.12,26.01,81.42,5.95,198.64,0,Jute
61.88,46.1,53.15,28.84,77.04,6.79,82.86,2,Papaya
58.12,20.69,26.4,23.35,93.91,6.63,130.84,2,Coffee
20.37,46.94,27.87,27.6,64.14,6.05,113.49,2,Mung Beans
25.06,19.36,13.45,20.49,92.18,6.24,111.81,2,Orange
30.57,69.2,23.57,15.3,61.04,6.6,60.03,2,Lentil
19.38,120.37,205,16.28,52.3,6.31,105.1,1,Apple
30.98,67.65,29.81,17.04,66.17,6.8,61.56,2,Chickpea
22.12,58.32,20.51,19.42,63.3,5.44,106.96,2,Kidney Beans
21.71,23.8,36.82,28.64,90.3,5.01,172.31,0,Coconut
20.43,62.02,25.74,16.16,47.81,6.68,74.03,1,Lentil
20.27,135.91,157.31,16.17,58.29,5.77,89.21,1,Apple
21.53,61.85,30.25,27.46,47.33,5.91,117.16,2,Pigeon Peas
92.94,25.02,29.63,21.68,78.07,5.93,162.34,2,Coffee
27.77,13.79,31.88,26.96,74.5,5.68,200.13,0,Coconut
19.31,34.44,29.66,24.85,59.36,6.05,105.18,2,Mango
31.45,30.75,27.13,26.22,64.64,5.7,96.52,2,Mango
15.65,65.62,20.25,19.26,71.17,5.97,107.94,2,Kidney Beans
17.56,62.31,14.51,20.61,68.31,6.08,109.84,2,Kidney Beans
140,39.19,25.14,25.8,64.08,6.23,83.64,2,Cotton
26.97,43.54,23.32,27.16,61.22,5.95,66.96,2,Mung Beans
72.43,45.38,41.01,28.08,89.94,6.6,190.55,0,Rice
127.14,38.22,26.98,24.91,66.43,6.22,74.78,2,Cotton
60.82,65.63,43.73,20.83,72.63,6.74,80.54,2,Papaya
22.75,54.77,21.58,18.68,75.73,5.99,92.45,2,Kidney Beans
17.26,26.7,27.44,30.92,82.98,6.41,91.25,2,Mango
97.75,24.47,25.38,25.29,65.93,7.13,120.37,2,Coffee
30.51,33.92,30.16,28.51,65.21,5.84,102.21,2,Mango
24.98,17.03,31.05,27.94,80.55,6.73,191.53,0,Coconut
15.18,58.49,26.27,25.01,52.77,6.13,101.97,2,Pigeon Peas
82.38,11.15,29.25,26.71,86.04,5.41,114.6,0,Coffee
118.77,17.02,44.83,25.53,62.07,6.79,93.24,2,Muskmelon
24.7,16.78,14.6,26.48,83.78,7.04,97.71,2,Orange
13.08,23.51,42.34,27.47,53.18,7.38,72.6,2,Pomegranate
27.15,49.8,29.29,28.65,64.51,6.71,117.2,2,Pigeon Peas
89.58,22.61,29.51,22.09,80.86,6.7,188.56,2,Coffee
105.15,23.39,50.35,24.15,58.29,6.4,87.27,2,Muskmelon
16.2,22.37,40.27,24.44,50.24,6.33,45.77,2,Pomegranate
72.72,43.93,40.36,24.57,59.36,6.89,106.21,2,Maize
18.13,71.61,18.9,23.79,65.19,5.92,75.84,2,Kidney Beans
18.04,25.08,28.99,25.91,51.09,6.25,90.8,2,Pomegranate
109.03,19.52,32.67,22.48,77.81,5.61,123.32,2,Coffee
38.16,57.53,30.77,20.67,51.67,6.45,67.59,1,Chickpea
16.11,16.89,35.22,23.62,65.84,6.58,78.96,2,Pomegranate
80.89,26.61,42.78,28.11,70.35,6.45,107.11,0,Muskmelon
19.65,68.23,14.89,19.02,55.51,5.51,89.36,1,Kidney Beans
42.93,50.23,48.22,28.47,89.25,6.33,106.07,0,Papaya
28.39,29.04,34.26,25.85,60.8,6.54,84.59,2,Mango
63.8,43.53,36.52,27.93,70.4,5.67,100.63,0,Maize
22.84,61.35,21.38,19.61,55.15,6.91,61.83,1,Lentil
35.98,70.3,37.84,22.79,47.61,6.85,63.62,2,Chickpea
105.39,23.06,50.57,28.82,57.56,6.58,80.11,2,Muskmelon
23.36,58.64,24.17,25.46,64.71,6.42,86.47,2,Pigeon Peas
33.94,31.58,25.91,24.58,61.73,5.89,88.94,2,Mango
75.78,9.8,51.51,26.33,80.72,5.91,100.51,0,Watermelon
96.21,44.71,28.67,27.14,92.95,6.45,174.3,0,Jute
23.35,41.75,27.84,28.87,73.06,7.11,81.83,2,Black Gram
19.86,21.72,28.12,28.94,63.25,6.98,48.33,2,Pomegranate
15.39,135.42,185.74,17.98,55.78,4.89,115.32,1,Apple
125.32,13.1,54.04,24.06,68.52,6.64,109.9,2,Watermelon
51.87,63.67,50.63,25.5,83.44,6.63,134.42,0,Papaya
22.77,120.24,205,18.96,59.59,6.38,70.68,1,Apple
28.97,12.45,7.89,24.72,66.16,8.22,130.44,2,Orange
108.62,84.44,48.92,28.62,73.76,6.89,149.19,0,Banana
126.35,41.54,17.84,27.39,75.75,6.84,83.23,2,Cotton
17.87,27.53,30.7,25.26,56.56,6.38,74.49,2,Grapes
36.15,63.65,41.24,16.43,46.42,6.79,86.46,1,Chickpea
92.24,23.23,31.23,24.02,81.55,5.24,143.72,2,Coffee
78.57,49.7,37.46,27.7,83.27,7.19,197.04,0,Rice
111.31,46.34,19.7,26.52,73.93,6.55,94.15,2,Cotton
23.44,31.67,28.12,24.81,65.55,7.16,88.06,2,Mango
50.27,70.7,54.64,24.44,62.37,6.11,92.87,2,Papaya
22.35,53.23,22.01,20.63,62.63,5.38,99.15,2,Kidney Beans
34.89,63.51,20.79,23.52,74.5,6.3,88.22,2,Black Gram
39.38,53.78,38.9,20.6,35.72,6.21,61.3,1,Chickpea
15.85,19.58,29.82,26.92,49.37,6.37,68.94,2,Pomegranate
17.13,49.63,22.08,27.91,47.62,7.27,63.0,2,Moth Beans
17.7,30.81,32.76,22.16,61.42,5.75,59.4,2,Grapes
38.53,37.06,28.07,29.07,65.69,7.28,96.95,2,Mango
19.78,56.92,20.12,27.28,75.28,7.42,104.67,0,Black Gram
86.28,48.1,46.29,29.39,92.14,6.59,165.08,0,Jute
20.5,47.83,23.44,24.67,43.51,7.56,79.55,2,Moth Beans
28.37,50.77,24.34,29.47,55.37,6.41,95.04,2,Mung Beans
70.4,46.83,37.28,25.93,96.56,6.31,162.3,0,Jute
25.21,13.51,34.75,27.58,60.9,6.38,74.93,2,Pomegranate
32.16,63.65,29.55,19.22,59.59,6.71,72.14,1,Black Gram
90.63,25.77,27.76,23.96,82.05,6.16,175.23,2,Coffee
18.79,54.19,22.39,21.84,59.61,5.18,105.9,1,Kidney Beans
23.01,16.02,15.04,21.04,62.4,7.4,109.08,2,Orange
15.79,74.83,21.75,20.3,66.64,5.51,121.04,2,Kidney Beans
23.28,17.86,29.01,24.21,44.3,6.47,61.95,2,Pomegranate
93.75,19.07,54.03,29.15,79.22,6.04,73.31,2,Watermelon
94.92,50.0,38.57,23.6,62.21,6.28,74.96,2,Maize
126.58,14.37,59.14,24.8,60.09,6.09,76.27,2,Muskmelon
97.51,86.11,41.23,26.08,81.65,6.23,123.59,0,Banana
21.35,66.11,26.43,15.32,55.74,7.01,64.04,1,Lentil
21.32,21.73,32.77,23.1,46.85,5.92,75.78,2,Pomegranate
23.44,111.25,178.63,19.0,67.3,6.23,98.8,2,Apple
21.35,69.1,10.62,17.96,65.81,6.46,108.59,2,Kidney Beans
96.93,76.92,56.79,28.94,86.54,6.99,111.09,0,Banana
81.16,39.9,48.46,29.74,80.83,6.21,176.47,0,Rice
23.28,56.44,22.58,26.03,55.69,6.32,66.41,2,Black Gram
13.18,11.84,31.91,28.18,53.27,5.37,63.44,2,Pomegranate
21.99,28.95,27.17,27.66,74.57,6.13,74.39,2,Mango
93.12,13.27,47.57,24.56,75.09,6.73,98.0,2,Muskmelon
30.41,59.05,26.56,28.52,68.4,7.21,110.16,2,Pigeon Peas
14.25,73.3,18.7,19.39,57.74,5.82,122.27,1,Kidney Beans
84.57,73.89,46.29,29.06,72.65,6.2,81.29,2,Banana
82.36,16.88,30.9,24.46,74.89,6.22,157.07,2,Coffee
15.66,68.6,20.62,19.43,52.1,5.77,58.45,1,Lentil
22.28,34.92,27.53,28.95,46.15,6.35,60.22,2,Moth Beans
118.17,62.39,58.95,28.44,71.08,6.75,152.37,0,Banana
67.56,51.18,37.46,27.58,80.62,6.16,84.3,2,Maize
16.76,20.36,29.58,31.98,86.07,6.43,152.74,0,Coconut
72.47,44.99,48.28,25.68,79.01,7.11,186.62,0,Rice
66.63,45.88,36.14,29.11,84.16,7.1,120.45,0,Jute
30.12,53.09,31.88,24.86,62.19,6.81,106.04,2,Black Gram
65.87,52.04,30.17,22.52,78.31,5.59,90.46,2,Maize
77.4,45.29,32.79,25.06,72.91,6.68,77.53,2,Maize
17.42,28.09,37.81,27.33,52.48,6.19,74.79,2,Grapes
29.24,58.39,22.0,29.37,64.4,6.97,81.34,2,Mung Beans
21.23,30.49,34.81,22.89,69.47,6.26,74.13,2,Grapes
103.44,43.06,47.65,28.25,78.39,5.99,195.47,0,Rice
132.16,14.39,50.54,28.22,80.57,6.54,74.62,2,Watermelon
52.87,66.51,49.13,29.43,67.51,7.16,119.95,2,Papaya
54.08,54.26,37.93,29.21,73.46,6.8,112.96,0,Papaya
41.36,68.79,34.5,22.51,54.98,6.53,84.28,2,Chickpea
72.93,53.61,39.94,30.98,76.55,6.17,130.53,0,Jute
24.44,54.33,27.14,29.43,73.82,5.57,106.24,0,Pigeon Peas
40.08,64.21,25.82,18.43,41.35,7.08,78.64,1,Chickpea
66.77,45.42,30.06,24.74,75.85,6.28,121.77,2,Maize
47.52,51.08,53.04,24.18,59.17,6.38,84.94,2,Papaya
24.23,69.0,18.55,22.08,46.38,6.16,98.39,2,Kidney Beans
39.73,69.09,38.03,18.92,54.56,6.66,83.35,1,Chickpea
11.17,142.58,205,17.26,65.72,5.9,99.75,2,Apple
33.69,47.84,30.06,22.69,47.32,6.25,57.81,2,Chickpea
22.44,14.53,15.13,23.73,68.32,6.76,97.95,2,Orange
14.55,15.88,12.0,25.87,73.47,6.17,109.95,0,Orange
118.15,19.7,31.15,25.1,82.25,5.87,153.65,0,Coffee
106.69,12.27,35.42,23.2,87.11,6.05,137.56,2,Coffee
24.33,67.64,19.03,22.68,60.12,6.63,97.11,2,Kidney Beans
16.47,16.46,17.58,22.4,72.66,6.69,124.29,2,Orange
26.71,13.69,16.31,21.87,70.67,5.8,137.37,2,Orange
24.13,54.42,27.2,25.37,53.21,7.12,118.36,2,Pigeon Peas
115.93,16.97,33.25,24.35,79.28,6.68,162.49,2,Coffee
77.77,44.58,31.88,27.73,83.11,6.03,118.52,0,Maize
124.27,51.06,23.08,30.97,55.45,6.46,94.28,2,Cotton
107.31,42.84,16.59,28.74,62.52,5.53,98.76,2,Cotton
20.45,60.73,28.67,29.5,66.67,5.71,106.22,2,Pigeon Peas
25.1,46.64,25.96,28.54,61.32,7.37,38.68,2,Moth Beans
27.41,49.49,22.43,28.12,72.55,6.03,85.26,2,Black Gram
27.78,19.76,26.92,30.61,84.55,5.12,113.56,0,Coconut
12.8,61.84,25.28,21.02,66.91,6.28,108.64,2,Kidney Beans
109.94,27.11,62.43,27.44,81.44,6.61,102.64,0,Muskmelon
15.0,135.3,178.96,19.98,63.88,6.2,114.91,2,Apple
88.88,45.08,41.53,23.15,99.98,6.1,179.9,2,Jute
128.93,80.86,46.65,27.27,85.98,6.16,121.68,0,Banana
77.73,49.29,43.64,30.38,73.3,6.63,184.23,0,Jute
20.7,61.1,30.89,28.12,67.84,6.12,107.41,2,Black Gram
32.48,65.22,32.39,22.9,43.27,6.75,58.81,2,Chickpea
90.72,46.48,35.15,29.99,84.67,7.05,199.1,0,Rice
15.98,134.39,205,18.85,51.09,6.04,86.64,1,Apple
23.57,64.66,16.87,16.09,57.13,5.27,100.4,1,Kidney Beans
27.92,54.5,22.72,19.29,43.53,7.5,57.49,1,Lentil
96.96,10.04,52.72,28.78,76.18,5.92,105.09,0,Watermelon
27.44,28.52,33.75,26.28,58.52,7.11,106.29,2,Mango
14.15,20.57,32.8,28.52,82.34,6.46,172.92,0,Coconut
25.4,24.75,30.58,31.02,91.59,5.87,172.21,0,Coconut
56.08,57.56,40.58,30.33,84.21,7.17,111.25,0,Papaya
18.18,26.02,32.64,25.68,57.64,6.4,45.71,2,Pomegranate
91.87,51.83,42.15,22.68,81.73,6.91,140.49,2,Jute
26.52,38.06,19.51,28.46,53.8,6.88,61.9,2,Moth Beans
83.78,32.67,45.16,27.57,79.7,6.72,132.26,0,Jute
23.1,110.88,192.73,18.19,59.29,6.22,85.68,1,Apple
11.83,142.0,205,18.1,56.26,6.14,68.29,1,Apple
26.75,25.36,27.72,26.07,58.11,6.84,82.68,2,Mango
26.19,36.65,37.99,23.23,67.53,5.88,70.12,2,Grapes
24.92,28.01,24.72,30.18,73.8,6.33,94.83,2,Mango
26.06,48.46,24.94,28.82,65.55,6.39,144.43,2,Pigeon Peas
23.83,52.57,28.42,22.81,73.17,6.13,97.61,2,Black Gram
52.21,68.87,47.4,28.07,72.82,5.92,112.71,0,Papaya
26.31,60.28,23.76,16.54,61.16,7.01,71.21,2,Lentil
98.07,46.76,26.35,24.16,70.45,6.46,114.71,2,Maize
140,41.82,23.07,28.65,53.15,6.56,112.87,2,Cotton
98.0,16.61,42.29,25.74,68.48,6.08,111.43,2,Watermelon
67.43,18.46,52.8,26.94,71.3,5.59,106.08,0,Watermelon
86.2,47.65,36.64,30.49,82.62,6.81,238.22,0,Rice
20.12,51.36,18.05,15.78,59.05,6.37,49.28,1,Lentil
40.93,55.06,31.23,23.45,58.46,6.23,74.42,2,Chickpea
86.83,43.43,43.48,27.69,88.42,6.57,124.6,0,Jute
65.77,15.34,51.38,29.61,76.21,6.72,124.63,0,Watermelon
16.53,55.73,29.7,29.6,55.24,5.86,125.84,2,Pigeon Peas
13.86,41.54,23.7,29.88,51.93,6.67,53.0,2,Moth Beans
11.41,16.8,35.5,25.09,47.45,5.98,90.23,2,Pomegranate
53.99,57.87,32.92,21.13,60.12,5.88,83.62,2,Chickpea
16.29,22.74,39.75,30.12,57.01,6.35,73.76,2,Pomegranate
28.49,19.77,39.78,28.51,48.12,5.83,75.63,2,Pomegranate
21.51,145,197.01,19.29,69.96,5.61,96.84,2,Apple
18.22,28.53,35.89,23.09,62.57,7.02,73.0,2,Grapes
22.33,39.87,27.05,29.14,77.26,6.41,80.91,2,Mung Beans
62.0,45.25,27.91,21.26,75.02,5.71,91.6,2,Maize
65.88,44.63,37.63,25.45,64.25,6.27,101.4,2,Maize
72.7,49.7,42.92,25.81,85.63,6.41,155.51,0,Rice
18.36,39.94,25.39,30.5,52.94,7.4,63.33,2,Moth Beans
93.3,47.27,29.01,26.59,73.83,6.16,81.7,2,Maize
91.2,17.17,52.51,24.73,70.38,6.68,80.3,2,Watermelon
120.41,24.32,31.6,23.74,66.97,5.41,150.77,2,Coffee
26.55,63.27,20.4,18.9,61.95,5.63,91.85,2,Kidney Beans
21.59,55.1,28.27,27.2,70.45,6.21,136.12,0,Pigeon Peas
11.69,26.64,31.03,24.63,60.49,6.43,83.77,2,Grapes
15.11,37.97,25.31,27.58,54.54,6.87,65.78,2,Moth Beans
55.65,39.47,45.95,25.54,85.57,6.49,180.66,0,Jute
23.81,51.84,24.29,24.59,63.07,5.97,121.32,2,Black Gram
32.19,28.64,31.5,29.21,69.03,6.24,75.93,2,Mango
101.15,17.71,33.39,19.79,63.06,6.48,133.24,2,Coffee
114.15,20.96,44.96,28.76,61.36,6.59,87.47,2,Muskmelon
35.81,60.47,54.48,25.83,76.53,7.14,100.5,0,Papaya
65.38,19.88,53.81,27.99,73.06,6.57,79.19,2,Watermelon
26.05,30.01,29.52,21.34,54.73,6.95,99.38,1,Mango
135.03,8.32,38.09,29.38,67.64,6.6,90.31,2,Watermelon
94.28,40.7,39.02,23.28,83.33,6.99,196.31,2,Jute
123.8,14.58,51.62,25.0,74.19,5.83,89.63,2,Watermelon
79.11,47.22,41.09,25.01,81.54,6.69,196.3,0,Jute
25.36,57.32,20.82,28.34,56.09,7.08,56.13,2,Moth Beans
28.22,53.55,29.69,25.57,66.4,5.58,69.41,2,Mung Beans
24.89,30.02,42.17,28.65,48.05,6.51,89.46,2,Grapes
22.11,32.24,27.09,29.44,54.64,6.59,93.86,2,Mango
36.0,21.47,29.18,27.03,79.7,5.78,179.27,0,Coconut
20.65,26.6,27.77,28.14,84.12,6.39,216.63,0,Coconut
60.95,61.2,39.16,27.56,73.42,6.65,78.94,2,Papaya
75.71,36.68,44.4,25.2,92.61,6.15,190.95,0,Jute
117.85,25.78,28.04,22.09,80.37,7.11,135.03,2,Coffee
29.91,59.75,38.17,18.69,53.03,6.33,68.65,1,Chickpea
53.74,60.24,48.95,26.95,69.54,6.13,93.26,2,Papaya
45.9,53.99,54.21,28.08,80.94,6.27,112.16,0,Papaya
87.86,14.57,60.5,31.09,85.89,6.56,106.09,0,Watermelon
17.03,44.08,22.83,28.27,37.41,6.3,51.3,2,Moth Beans
23.57,49.17,23.64,28.55,52.93,6.49,84.41,2,Mung Beans
19.82,17.34,16.86,21.85,82.12,6.41,91.71,2,Orange
97.65,18.17,36.82,27.89,69.86,6.61,84.48,2,Muskmelon
75.51,16.64,21.06,22.84,81.57,5.28,130.59,2,Coffee
19.47,19.91,36.92,25.9,44.37,6.6,88.52,2,Pomegranate
15.44,52.91,23.45,27.89,59.06,7.42,56.99,2,Moth Beans
80.05,19.71,52.55,26.66,68.13,6.89,63.5,2,Muskmelon
27.88,24.68,28.98,27.6,66.16,6.87,58.64,2,Mango
92.18,41.15,41.83,28.01,97.86,5.66,220.86,0,Rice
115.28,27.87,18.4,28.93,62.72,5.94,76.77,2,Cotton
16.02,56.12,29.04,33.04,52.61,6.94,63.63,2,Moth Beans
24.52,68.24,36.49,16.27,45.11,6.16,64.44,1,Chickpea
134.14,39.49,18.21,27.09,67.79,6.24,82.14,2,Cotton
22.71,62.51,18.64,28.59,57.98,5.87,110.64,2,Pigeon Peas
12.51,139.5,183.23,13.39,53.52,5.26,93.09,1,Apple
13.82,22.48,38.82,27.49,92.25,6.44,225.78,0,Coconut
29.63,51.3,29.54,27.39,60.45,6.5,109.45,2,Black Gram
91.44,17.63,49.58,24.33,77.86,6.71,86.73,2,Muskmelon
82.16,40.15,31.86,23.31,68.81,6.25,102.57,2,Maize
33.65,53.08,21.4,19.15,68.54,5.75,93.23,2,Kidney Beans
17.86,30.33,31.96,27.81,66.58,6.44,58.29,2,Mango
23.61,62.97,22.71,29.88,54.01,6.55,106.47,2,Pigeon Peas
21.86,38.75,27.71,26.09,72.05,6.95,77.33,2,Mung Beans
85.1,75.55,52.09,27.4,87.04,6.55,146.96,0,Banana
97.1,45.65,34.2,26.77,77.99,6.83,211.51,0,Rice
83.15,46.59,37.64,28.4,67.39,6.34,108.07,2,Maize
14.39,30.3,32.22,23.09,70.38,7.02,69.73,2,Grapes
26.72,19.73,31.45,27.8,81.46,6.46,175.17,0,Coconut
50.01,55.8,52.5,29.1,74.11,6.1,121.17,0,Papaya
11.13,22.37,27.29,23.71,51.05,6.5,54.43,2,Pomegranate
19.6,58.2,19.78,20.86,68.57,6.75,92.49,2,Kidney Beans
109.29,18.71,23.27,21.49,90.76,6.49,178.35,2,Coffee
140,40.24,21.75,30.04,68.28,6.74,57.29,2,Cotton
55.59,59.1,48.23,26.23,54.26,6.86,97.8,2,Papaya
19.58,65.63,32.31,20.99,57.54,6.48,62.41,1,Lentil
88.43,18.36,55.45,24.93,72.52,6.8,84.42,2,Muskmelon
27.01,53.78,23.83,29.01,63.1,6.62,74.68,2,Black Gram
21.73,57.72,20.52,20.32,63.3,6.28,55.31,2,Lentil
20.27,42.07,23.22,23.51,62.28,6.02,110.99,2,Pigeon Peas
22.31,52.0,23.54,20.96,60.21,5.47,62.08,2,Lentil
89.31,13.27,54.0,24.19,81.37,6.11,109.28,2,Watermelon
84.89,14.68,51.29,28.27,69.36,5.33,97.09,2,Watermelon
31.48,49.01,16.41,27.94,63.28,5.56,103.92,2,Pigeon Peas
32.77,20.28,26.66,26.97,88.37,5.84,187.76,0,Coconut
15.98,29.95,26.0,26.3,74.44,5.94,62.95,2,Grapes
133.96,19.51,58.12,28.55,70.7,6.48,122.87,0,Watermelon
21.48,63.3,27.46,18.49,72.83,5.53,93.02,2,Kidney Beans
21.48,33.62,33.92,23.17,62.67,7.4,59.07,2,Grapes
21.97,14.41,22.45,23.02,71.59,6.73,124.87,2,Orange
25.36,58.96,21.16,17.76,48.64,6.54,58.25,1,Lentil
108.56,22.54,41.02,26.7,74.56,7.29,66.7,2,Muskmelon
22.19,57.34,26.91,19.86,66.05,6.82,88.13,2,Kidney Beans
73.57,41.31,32.11,26.47,65.92,6.72,94.21,2,Maize
28.86,28.23,29.96,24.47,73.03,6.74,91.6,2,Mango
20.81,17.48,33.53,27.33,53.55,6.52,73.04,2,Pomegranate
113.77,17.14,54.14,29.11,72.69,6.19,99.04,2,Watermelon
110.8,12.46,25.84,19.55,72.57,5.41,149.16,2,Coffee
21.54,58.53,18.52,18.04,61.23,5.67,46.67,2,Lentil
80.49,40.55,46.46,23.93,64.47,6.39,86.46,2,Maize
28.59,52.03,19.62,31.03,68.34,6.95,80.62,2,Mung Beans
105.58,46.18,18.62,23.45,72.63,6.36,108.06,2,Cotton
129.79,38.89,20.72,25.22,81.39,6.7,106.47,0,Cotton
22.36,61.61,30.51,31.22,52.54,6.4,88.86,2,Pigeon Peas
25.71,67.45,17.11,18.3,69.08,5.52,110.78,2,Kidney Beans
84.67,42.36,45.35,26.18,92.65,6.27,130.61,0,Jute
17.89,65.11,29.05,28.91,66.46,6.55,106.92,2,Pigeon Peas
20.79,27.76,35.86,23.37,68.53,7.15,75.54,2,Grapes
33.31,51.11,25.67,23.59,58.01,6.91,99.81,2,Black Gram
73.44,47.55,43.33,30.84,80.2,5.78,186.95,0,Rice
21.62,17.37,37.17,29.48,63.54,6.18,83.02,2,Pomegranate
100.15,75.95,55.22,26.81,69.57,5.84,120.47,2,Banana
38.26,33.63,26.85,24.61,74.65,6.38,87.08,2,Mango
126.21,49.22,21.53,26.98,69.5,5.84,90.3,2,Cotton
131.79,15.87,37.93,26.94,71.83,5.58,85.17,2,Watermelon
87.33,39.05,46.32,25.82,76.65,6.56,200.74,0,Rice
93.02,17.3,54.04,25.9,69.88,6.13,104.94,2,Watermelon
16.97,132.3,197.19,18.32,55.5,6.57,88.37,1,Apple
102.2,93.75,48.42,28.71,84.61,5.75,100.42,0,Banana
106.63,21.56,31.4,23.08,78.69,6.28,153.86,2,Coffee
65.18,36.2,38.05,28.9,86.74,5.97,178.54,0,Jute
66.84,42.64,35.1,24.86,75.15,5.87,74.03,2,Maize
